#
# There is insufficient memory for the Java Runtime Environment to continue.
# Native memory allocation (mmap) failed to map 1212153856 bytes. Error detail: G1 virtual space
# Possible reasons:
#   The system is out of physical RAM or swap space
#   This process is running with CompressedOops enabled, and the Java Heap may be blocking the growth of the native heap
# Possible solutions:
#   Reduce memory load on the system
#   Increase physical memory or swap space
#   Check if swap backing store is full
#   Decrease Java heap size (-Xmx/-Xms)
#   Decrease number of Java threads
#   Decrease Java thread stack sizes (-Xss)
#   Set larger code cache with -XX:ReservedCodeCacheSize=
#   JVM is running with Zero Based Compressed Oops mode in which the Java heap is
#     placed in the first 32GB address space. The Java Heap base address is the
#     maximum limit for the native heap growth. Please use -XX:HeapBaseMinAddress
#     to set the Java Heap base and to place the Java Heap above 32GB virtual address.
# This output file may be truncated or incomplete.
#
#  Out of Memory Error (os_windows.cpp:3825), pid=1808, tid=18152
#
# JRE version: OpenJDK Runtime Environment (17.0.11) (build 17.0.11+0--11852314)
# Java VM: OpenJDK 64-Bit Server VM (17.0.11+0--11852314, mixed mode, tiered, compressed oops, compressed class ptrs, g1 gc, windows-amd64)
# No core dump will be written. Minidumps are not enabled by default on client versions of Windows
#

---------------  S U M M A R Y ------------

Command Line: -XX:MaxMetaspaceSize=4G -XX:ReservedCodeCacheSize=512m -XX:+HeapDumpOnOutOfMemoryError --add-opens=java.base/java.util=ALL-UNNAMED --add-opens=java.base/java.lang=ALL-UNNAMED --add-opens=java.base/java.lang.invoke=ALL-UNNAMED --add-opens=java.prefs/java.util.prefs=ALL-UNNAMED --add-exports=jdk.compiler/com.sun.tools.javac.api=ALL-UNNAMED --add-exports=jdk.compiler/com.sun.tools.javac.util=ALL-UNNAMED --add-opens=java.base/java.nio.charset=ALL-UNNAMED --add-opens=java.base/java.net=ALL-UNNAMED --add-opens=java.base/java.util.concurrent.atomic=ALL-UNNAMED -Xmx8G -Dfile.encoding=windows-1252 -Duser.country=FR -Duser.language=fr -Duser.variant -javaagent:C:\Users\Motaz\.gradle\wrapper\dists\gradle-8.10.2-all\7iv73wktx1xtkvlq19urqw1wm\gradle-8.10.2\lib\agents\gradle-instrumentation-agent-8.10.2.jar org.gradle.launcher.daemon.bootstrap.GradleDaemon 8.10.2

Host: Intel(R) Core(TM) i5-10300H CPU @ 2.50GHz, 8 cores, 15G,  Windows 11 , 64 bit Build 22621 (10.0.22621.5124)
Time: Sat Apr  5 20:41:12 2025 Europe de l , 64 bit Build 22621 (10.0.22621.5124) elapsed time: 198.680179 seconds (0d 0h 3m 18s)

---------------  T H R E A D  ---------------

Current thread (0x00000187d0d2e630):  VMThread "VM Thread" [stack: 0x000000396b000000,0x000000396b100000] [id=18152]

Stack: [0x000000396b000000,0x000000396b100000]
Native frames: (J=compiled Java code, j=interpreted, Vv=VM code, C=native code)
V  [jvm.dll+0x687bb9]
V  [jvm.dll+0x84142a]
V  [jvm.dll+0x8430ae]
V  [jvm.dll+0x843713]
V  [jvm.dll+0x24a35f]
V  [jvm.dll+0x684989]
V  [jvm.dll+0x67923a]
V  [jvm.dll+0x30af0b]
V  [jvm.dll+0x3123b6]
V  [jvm.dll+0x361dfe]
V  [jvm.dll+0x36202f]
V  [jvm.dll+0x2e0d38]
V  [jvm.dll+0x2df144]
V  [jvm.dll+0x2de74c]
V  [jvm.dll+0x32305b]
V  [jvm.dll+0x847e0b]
V  [jvm.dll+0x848b42]
V  [jvm.dll+0x84905d]
V  [jvm.dll+0x849434]
V  [jvm.dll+0x849500]
V  [jvm.dll+0x7efa4a]
V  [jvm.dll+0x686a35]
C  [ucrtbase.dll+0x29333]
C  [KERNEL32.DLL+0x1259d]
C  [ntdll.dll+0x5af38]

VM_Operation (0x000000396fbf7960): G1CollectForAllocation, mode: safepoint, requested by thread 0x00000187e56297e0


---------------  P R O C E S S  ---------------

Threads class SMR info:
_java_thread_list=0x00000187df49d830, length=90, elements={
0x000001879a114800, 0x00000187d3723720, 0x00000187d3726260, 0x00000187d37452e0,
0x00000187d3745f60, 0x00000187d378a400, 0x00000187d378acd0, 0x00000187d378b8d0,
0x00000187d378f790, 0x00000187d3790190, 0x00000187d389a0d0, 0x00000187d3a86080,
0x00000187d80c0db0, 0x00000187d94abfc0, 0x00000187d9d18180, 0x00000187d9c61690,
0x00000187d9d2f8d0, 0x00000187d8686a70, 0x00000187d86879a0, 0x00000187d8686560,
0x00000187d8686f80, 0x00000187d9ddd3e0, 0x00000187d9ddb580, 0x00000187d9dd9210,
0x00000187d9dd82e0, 0x00000187d9dd9c30, 0x00000187d9dd78c0, 0x00000187d9dd87f0,
0x00000187d9dd6480, 0x00000187d9ddba90, 0x00000187d9dda140, 0x00000187d9dd9720,
0x00000187d9ddbfa0, 0x00000187d9ddced0, 0x00000187d9dd73b0, 0x00000187d9dd6ea0,
0x00000187d9ddde00, 0x00000187d9dd7dd0, 0x00000187d9ddab60, 0x00000187d8701b50,
0x00000187d8700710, 0x00000187d8707670, 0x00000187d8701130, 0x00000187d8706740,
0x00000187d8706230, 0x00000187d8702060, 0x00000187d8707b80, 0x00000187d87048e0,
0x00000187d8700c20, 0x00000187d8702a80, 0x00000187d8704df0, 0x00000187d8705d20,
0x00000187d8702f90, 0x00000187d8705300, 0x00000187d8701640, 0x00000187d8707160,
0x00000187d8703ec0, 0x00000187d80fdb70, 0x00000187e5627470, 0x00000187e5627980,
0x00000187e56297e0, 0x00000187e562ca80, 0x00000187e5626a50, 0x00000187e562c570,
0x00000187e562cf90, 0x00000187e5626f60, 0x00000187e5627e90, 0x00000187e5629cf0,
0x00000187e562a200, 0x00000187e562a710, 0x00000187e562ac20, 0x00000187d8708090,
0x00000187dd1d9160, 0x00000187dd74aed0, 0x00000187dd749580, 0x00000187dd748b60,
0x00000187dd749a90, 0x00000187dd74be00, 0x00000187dd749070, 0x00000187dd74b3e0,
0x00000187dd74b8f0, 0x00000187dd749fa0, 0x00000187dd74a9c0, 0x00000187dfc272f0,
0x00000187dfc25eb0, 0x00000187dfc259a0, 0x00000187dfc2aaa0, 0x00000187dfc2bee0,
0x00000187dd8ef480, 0x00000187dd8edf40
}

Java Threads: ( => current thread )
  0x000001879a114800 JavaThread "main" [_thread_blocked, id=20664, stack(0x000000396aa00000,0x000000396ab00000)]
  0x00000187d3723720 JavaThread "Reference Handler" daemon [_thread_blocked, id=17332, stack(0x000000396b100000,0x000000396b200000)]
  0x00000187d3726260 JavaThread "Finalizer" daemon [_thread_blocked, id=7956, stack(0x000000396b200000,0x000000396b300000)]
  0x00000187d37452e0 JavaThread "Signal Dispatcher" daemon [_thread_blocked, id=11000, stack(0x000000396b300000,0x000000396b400000)]
  0x00000187d3745f60 JavaThread "Attach Listener" daemon [_thread_blocked, id=16948, stack(0x000000396b400000,0x000000396b500000)]
  0x00000187d378a400 JavaThread "Service Thread" daemon [_thread_blocked, id=17620, stack(0x000000396b500000,0x000000396b600000)]
  0x00000187d378acd0 JavaThread "Monitor Deflation Thread" daemon [_thread_blocked, id=1948, stack(0x000000396b600000,0x000000396b700000)]
  0x00000187d378b8d0 JavaThread "C2 CompilerThread0" daemon [_thread_in_native, id=14664, stack(0x000000396b700000,0x000000396b800000)]
  0x00000187d378f790 JavaThread "C1 CompilerThread0" daemon [_thread_blocked, id=19472, stack(0x000000396b800000,0x000000396b900000)]
  0x00000187d3790190 JavaThread "Sweeper thread" daemon [_thread_blocked, id=19412, stack(0x000000396b900000,0x000000396ba00000)]
  0x00000187d389a0d0 JavaThread "Common-Cleaner" daemon [_thread_blocked, id=20940, stack(0x000000396ba00000,0x000000396bb00000)]
  0x00000187d3a86080 JavaThread "Notification Thread" daemon [_thread_blocked, id=2252, stack(0x000000396bb00000,0x000000396bc00000)]
  0x00000187d80c0db0 JavaThread "Daemon health stats" [_thread_blocked, id=5196, stack(0x000000396be00000,0x000000396bf00000)]
  0x00000187d94abfc0 JavaThread "Incoming local TCP Connector on port 64188" [_thread_in_native, id=968, stack(0x000000396c400000,0x000000396c500000)]
  0x00000187d9d18180 JavaThread "Daemon periodic checks" [_thread_blocked, id=15224, stack(0x000000396c500000,0x000000396c600000)]
  0x00000187d9c61690 JavaThread "Daemon" [_thread_blocked, id=19568, stack(0x000000396c600000,0x000000396c700000)]
  0x00000187d9d2f8d0 JavaThread "Handler for socket connection from /127.0.0.1:64188 to /127.0.0.1:64189" [_thread_in_native, id=20892, stack(0x000000396c700000,0x000000396c800000)]
  0x00000187d8686a70 JavaThread "Cancel handler" [_thread_blocked, id=21384, stack(0x000000396c800000,0x000000396c900000)]
  0x00000187d86879a0 JavaThread "Daemon worker" [_thread_blocked, id=10560, stack(0x000000396c900000,0x000000396ca00000)]
  0x00000187d8686560 JavaThread "Asynchronous log dispatcher for DefaultDaemonConnection: socket connection from /127.0.0.1:64188 to /127.0.0.1:64189" [_thread_blocked, id=13800, stack(0x000000396ca00000,0x000000396cb00000)]
  0x00000187d8686f80 JavaThread "Stdin handler" [_thread_blocked, id=9592, stack(0x000000396cb00000,0x000000396cc00000)]
  0x00000187d9ddd3e0 JavaThread "Daemon client event forwarder" [_thread_blocked, id=19452, stack(0x000000396cc00000,0x000000396cd00000)]
  0x00000187d9ddb580 JavaThread "Cache worker for journal cache (C:\Users\Motaz\.gradle\caches\journal-1)" [_thread_blocked, id=18984, stack(0x000000396d000000,0x000000396d100000)]
  0x00000187d9dd9210 JavaThread "File lock request listener" [_thread_in_native, id=2608, stack(0x000000396d100000,0x000000396d200000)]
  0x00000187d9dd82e0 JavaThread "Cache worker for file hash cache (C:\Users\Motaz\.gradle\caches\8.10.2\fileHashes)" [_thread_blocked, id=15860, stack(0x000000396d200000,0x000000396d300000)]
  0x00000187d9dd9c30 JavaThread "Cache worker for file hash cache (C:\Users\Motaz\mm Dropbox\Motaz Sammoud\PC\Desktop\pim\Pim-main\android\.gradle\8.10.2\fileHashes)" [_thread_blocked, id=17348, stack(0x000000396d400000,0x000000396d500000)]
  0x00000187d9dd78c0 JavaThread "Cache worker for Build Output Cleanup Cache (C:\Users\Motaz\mm Dropbox\Motaz Sammoud\PC\Desktop\pim\Pim-main\android\.gradle\buildOutputCleanup)" [_thread_blocked, id=14584, stack(0x000000396d500000,0x000000396d600000)]
  0x00000187d9dd87f0 JavaThread "File watcher server" daemon [_thread_in_native, id=5956, stack(0x000000396d600000,0x000000396d700000)]
  0x00000187d9dd6480 JavaThread "File watcher consumer" daemon [_thread_blocked, id=17464, stack(0x000000396d700000,0x000000396d800000)]
  0x00000187d9ddba90 JavaThread "Cache worker for checksums cache (C:\Users\Motaz\mm Dropbox\Motaz Sammoud\PC\Desktop\pim\Pim-main\android\.gradle\8.10.2\checksums)" [_thread_blocked, id=1204, stack(0x000000396d800000,0x000000396d900000)]
  0x00000187d9dda140 JavaThread "Cache worker for file content cache (C:\Users\Motaz\.gradle\caches\8.10.2\fileContent)" [_thread_blocked, id=15420, stack(0x000000396d900000,0x000000396da00000)]
  0x00000187d9dd9720 JavaThread "Cache worker for cache directory md-rule (C:\Users\Motaz\.gradle\caches\8.10.2\md-rule)" [_thread_blocked, id=13732, stack(0x000000396da00000,0x000000396db00000)]
  0x00000187d9ddbfa0 JavaThread "Cache worker for cache directory md-supplier (C:\Users\Motaz\.gradle\caches\8.10.2\md-supplier)" [_thread_blocked, id=15676, stack(0x000000396bd00000,0x000000396be00000)]
  0x00000187d9ddced0 JavaThread "Cache worker for Build Output Cleanup Cache (C:\src\flutter\flutter\packages\flutter_tools\gradle\.gradle\buildOutputCleanup)" [_thread_blocked, id=13144, stack(0x000000396db00000,0x000000396dc00000)]
  0x00000187d9dd73b0 JavaThread "Unconstrained build operations" [_thread_blocked, id=17488, stack(0x000000396dd00000,0x000000396de00000)]
  0x00000187d9dd6ea0 JavaThread "Unconstrained build operations Thread 2" [_thread_blocked, id=6732, stack(0x000000396de00000,0x000000396df00000)]
  0x00000187d9ddde00 JavaThread "Unconstrained build operations Thread 3" [_thread_blocked, id=4844, stack(0x000000396df00000,0x000000396e000000)]
  0x00000187d9dd7dd0 JavaThread "Unconstrained build operations Thread 4" [_thread_blocked, id=15816, stack(0x000000396e000000,0x000000396e100000)]
  0x00000187d9ddab60 JavaThread "Unconstrained build operations Thread 5" [_thread_blocked, id=19040, stack(0x000000396e100000,0x000000396e200000)]
  0x00000187d8701b50 JavaThread "Unconstrained build operations Thread 6" [_thread_blocked, id=7908, stack(0x000000396e200000,0x000000396e300000)]
  0x00000187d8700710 JavaThread "Unconstrained build operations Thread 7" [_thread_blocked, id=7872, stack(0x000000396e300000,0x000000396e400000)]
  0x00000187d8707670 JavaThread "Unconstrained build operations Thread 8" [_thread_blocked, id=11528, stack(0x000000396a700000,0x000000396a800000)]
  0x00000187d8701130 JavaThread "Unconstrained build operations Thread 9" [_thread_blocked, id=15080, stack(0x000000396a800000,0x000000396a900000)]
  0x00000187d8706740 JavaThread "Unconstrained build operations Thread 10" [_thread_blocked, id=16104, stack(0x000000396a900000,0x000000396aa00000)]
  0x00000187d8706230 JavaThread "Unconstrained build operations Thread 11" [_thread_blocked, id=10656, stack(0x000000396d300000,0x000000396d400000)]
  0x00000187d8702060 JavaThread "Unconstrained build operations Thread 12" [_thread_blocked, id=15928, stack(0x000000396dc00000,0x000000396dd00000)]
  0x00000187d8707b80 JavaThread "Unconstrained build operations Thread 13" [_thread_blocked, id=16640, stack(0x000000396e500000,0x000000396e600000)]
  0x00000187d87048e0 JavaThread "Unconstrained build operations Thread 14" [_thread_blocked, id=11060, stack(0x000000396e700000,0x000000396e800000)]
  0x00000187d8700c20 JavaThread "Unconstrained build operations Thread 15" [_thread_blocked, id=10192, stack(0x000000396e800000,0x000000396e900000)]
  0x00000187d8702a80 JavaThread "Unconstrained build operations Thread 16" [_thread_blocked, id=16896, stack(0x000000396ea00000,0x000000396eb00000)]
  0x00000187d8704df0 JavaThread "Unconstrained build operations Thread 17" [_thread_blocked, id=13156, stack(0x000000396eb00000,0x000000396ec00000)]
  0x00000187d8705d20 JavaThread "Unconstrained build operations Thread 18" [_thread_blocked, id=12168, stack(0x000000396ec00000,0x000000396ed00000)]
  0x00000187d8702f90 JavaThread "Unconstrained build operations Thread 19" [_thread_blocked, id=12840, stack(0x000000396ed00000,0x000000396ee00000)]
  0x00000187d8705300 JavaThread "Unconstrained build operations Thread 20" [_thread_blocked, id=7540, stack(0x000000396ee00000,0x000000396ef00000)]
  0x00000187d8701640 JavaThread "Unconstrained build operations Thread 21" [_thread_blocked, id=1316, stack(0x000000396ef00000,0x000000396f000000)]
  0x00000187d8707160 JavaThread "Memory manager" [_thread_blocked, id=1092, stack(0x000000396f000000,0x000000396f100000)]
  0x00000187d8703ec0 JavaThread "build event listener" [_thread_blocked, id=13472, stack(0x000000396f700000,0x000000396f800000)]
  0x00000187d80fdb70 JavaThread "Kotlin DSL Writer" [_thread_blocked, id=20020, stack(0x000000396e600000,0x000000396e700000)]
  0x00000187e5627470 JavaThread "included builds" [_thread_blocked, id=2160, stack(0x000000396f900000,0x000000396fa00000)]
  0x00000187e5627980 JavaThread "Execution worker" [_thread_blocked, id=9324, stack(0x000000396fa00000,0x000000396fb00000)]
  0x00000187e56297e0 JavaThread "Execution worker Thread 2" [_thread_blocked, id=14704, stack(0x000000396fb00000,0x000000396fc00000)]
  0x00000187e562ca80 JavaThread "Execution worker Thread 3" [_thread_blocked, id=940, stack(0x000000396fc00000,0x000000396fd00000)]
  0x00000187e5626a50 JavaThread "Execution worker Thread 4" [_thread_blocked, id=6044, stack(0x000000396fd00000,0x000000396fe00000)]
  0x00000187e562c570 JavaThread "Execution worker Thread 5" [_thread_blocked, id=20436, stack(0x000000396fe00000,0x000000396ff00000)]
  0x00000187e562cf90 JavaThread "Execution worker Thread 6" [_thread_blocked, id=16908, stack(0x000000396ff00000,0x0000003970000000)]
  0x00000187e5626f60 JavaThread "Execution worker Thread 7" [_thread_blocked, id=21496, stack(0x0000003970000000,0x0000003970100000)]
  0x00000187e5627e90 JavaThread "Cache worker for execution history cache (C:\src\flutter\flutter\packages\flutter_tools\gradle\.gradle\8.10.2\executionHistory)" [_thread_blocked, id=7548, stack(0x0000003970100000,0x0000003970200000)]
  0x00000187e5629cf0 JavaThread "Unconstrained build operations Thread 22" [_thread_blocked, id=13516, stack(0x000000396f600000,0x000000396f700000)]
  0x00000187e562a200 JavaThread "Unconstrained build operations Thread 23" [_thread_blocked, id=11884, stack(0x000000396f800000,0x000000396f900000)]
  0x00000187e562a710 JavaThread "Unconstrained build operations Thread 24" [_thread_blocked, id=18284, stack(0x0000003970200000,0x0000003970300000)]
  0x00000187e562ac20 JavaThread "Unconstrained build operations Thread 25" [_thread_blocked, id=12160, stack(0x0000003970300000,0x0000003970400000)]
  0x00000187d8708090 JavaThread "Unconstrained build operations Thread 26" [_thread_blocked, id=17272, stack(0x0000003970400000,0x0000003970500000)]
  0x00000187dd1d9160 JavaThread "Unconstrained build operations Thread 27" [_thread_blocked, id=21100, stack(0x0000003970500000,0x0000003970600000)]
  0x00000187dd74aed0 JavaThread "Unconstrained build operations Thread 28" [_thread_blocked, id=10328, stack(0x0000003970600000,0x0000003970700000)]
  0x00000187dd749580 JavaThread "Unconstrained build operations Thread 29" [_thread_blocked, id=20152, stack(0x0000003970800000,0x0000003970900000)]
  0x00000187dd748b60 JavaThread "Unconstrained build operations Thread 30" [_thread_blocked, id=18740, stack(0x0000003970900000,0x0000003970a00000)]
  0x00000187dd749a90 JavaThread "Unconstrained build operations Thread 31" [_thread_blocked, id=13244, stack(0x0000003970a00000,0x0000003970b00000)]
  0x00000187dd74be00 JavaThread "Unconstrained build operations Thread 32" [_thread_blocked, id=9604, stack(0x0000003970b00000,0x0000003970c00000)]
  0x00000187dd749070 JavaThread "Unconstrained build operations Thread 33" [_thread_blocked, id=12996, stack(0x0000003970c00000,0x0000003970d00000)]
  0x00000187dd74b3e0 JavaThread "Unconstrained build operations Thread 34" [_thread_blocked, id=6680, stack(0x0000003970d00000,0x0000003970e00000)]
  0x00000187dd74b8f0 JavaThread "Unconstrained build operations Thread 35" [_thread_blocked, id=17560, stack(0x0000003970e00000,0x0000003970f00000)]
  0x00000187dd749fa0 JavaThread "Unconstrained build operations Thread 36" [_thread_blocked, id=12328, stack(0x0000003971000000,0x0000003971100000)]
  0x00000187dd74a9c0 JavaThread "Unconstrained build operations Thread 37" [_thread_blocked, id=8148, stack(0x0000003971100000,0x0000003971200000)]
  0x00000187dfc272f0 JavaThread "Unconstrained build operations Thread 38" [_thread_blocked, id=17304, stack(0x0000003971200000,0x0000003971300000)]
  0x00000187dfc25eb0 JavaThread "Unconstrained build operations Thread 39" [_thread_blocked, id=17232, stack(0x0000003971300000,0x0000003971400000)]
  0x00000187dfc259a0 JavaThread "Unconstrained build operations Thread 40" [_thread_blocked, id=7864, stack(0x0000003971400000,0x0000003971500000)]
  0x00000187dfc2aaa0 JavaThread "Unconstrained build operations Thread 41" [_thread_blocked, id=2868, stack(0x0000003971500000,0x0000003971600000)]
  0x00000187dfc2bee0 JavaThread "Unconstrained build operations Thread 42" [_thread_blocked, id=18888, stack(0x0000003971600000,0x0000003971700000)]
  0x00000187dd8ef480 JavaThread "C2 CompilerThread1" daemon [_thread_blocked, id=15776, stack(0x0000003971700000,0x0000003971800000)]
  0x00000187dd8edf40 JavaThread "C2 CompilerThread2" daemon [_thread_blocked, id=15172, stack(0x0000003971800000,0x0000003971900000)]

Other Threads:
=>0x00000187d0d2e630 VMThread "VM Thread" [stack: 0x000000396b000000,0x000000396b100000] [id=18152]
  0x00000187d802bb20 WatcherThread [stack: 0x000000396bc00000,0x000000396bd00000] [id=2956]
  0x000001879a180bd0 GCTaskThread "GC Thread#0" [stack: 0x000000396ab00000,0x000000396ac00000] [id=12396]
  0x00000187d8505550 GCTaskThread "GC Thread#1" [stack: 0x000000396bf00000,0x000000396c000000] [id=8840]
  0x00000187d8505810 GCTaskThread "GC Thread#2" [stack: 0x000000396c000000,0x000000396c100000] [id=18488]
  0x00000187d84f2580 GCTaskThread "GC Thread#3" [stack: 0x000000396c100000,0x000000396c200000] [id=16532]
  0x00000187d84f2840 GCTaskThread "GC Thread#4" [stack: 0x000000396c200000,0x000000396c300000] [id=13088]
  0x00000187d86e8020 GCTaskThread "GC Thread#5" [stack: 0x000000396c300000,0x000000396c400000] [id=9496]
  0x00000187d9ebe450 GCTaskThread "GC Thread#6" [stack: 0x000000396cd00000,0x000000396ce00000] [id=13728]
  0x00000187d9f05cd0 GCTaskThread "GC Thread#7" [stack: 0x000000396ce00000,0x000000396cf00000] [id=3668]
  0x00000187d0b71aa0 ConcurrentGCThread "G1 Main Marker" [stack: 0x000000396ac00000,0x000000396ad00000] [id=21212]
  0x000001879a192cb0 ConcurrentGCThread "G1 Conc#0" [stack: 0x000000396ad00000,0x000000396ae00000] [id=6812]
  0x00000187d9f061a0 ConcurrentGCThread "G1 Conc#1" [stack: 0x000000396cf00000,0x000000396d000000] [id=10364]
  0x000001879a1bec10 ConcurrentGCThread "G1 Refine#0" [stack: 0x000000396ae00000,0x000000396af00000] [id=17168]
  0x00000187da4c49c0 ConcurrentGCThread "G1 Refine#1" [stack: 0x000000396e900000,0x000000396ea00000] [id=1320]
  0x00000187dc23fc40 ConcurrentGCThread "G1 Refine#2" [stack: 0x000000396f100000,0x000000396f200000] [id=10252]
  0x00000187dc23d030 ConcurrentGCThread "G1 Refine#3" [stack: 0x000000396f200000,0x000000396f300000] [id=13900]
  0x00000187dc240510 ConcurrentGCThread "G1 Refine#4" [stack: 0x000000396f300000,0x000000396f400000] [id=4620]
  0x00000187dc23f080 ConcurrentGCThread "G1 Refine#5" [stack: 0x000000396f400000,0x000000396f500000] [id=14496]
  0x00000187dc23f370 ConcurrentGCThread "G1 Refine#6" [stack: 0x000000396f500000,0x000000396f600000] [id=9620]
  0x00000187d0bd37b0 ConcurrentGCThread "G1 Service" [stack: 0x000000396af00000,0x000000396b000000] [id=18928]

Threads with active compile tasks:
C2 CompilerThread0   198709 20385       4       org.jetbrains.org.objectweb.asm.tree.MethodNode::accept (874 bytes)
C2 CompilerThread1   198709 20423       4       org.jetbrains.org.objectweb.asm.ClassWriter::toByteArray (1535 bytes)
C2 CompilerThread2   198709 20389       4       org.jetbrains.kotlin.load.kotlin.FileBasedKotlinClass::resolveNameByInternalName (178 bytes)

VM state: at safepoint (normal execution)

VM Mutex/Monitor currently owned by a thread:  ([mutex/lock_event])
[0x000001879a1113d0] Threads_lock - owner thread: 0x00000187d0d2e630
[0x000001879a110e30] Heap_lock - owner thread: 0x00000187e56297e0

Heap address: 0x0000000600000000, size: 8192 MB, Compressed Oops mode: Zero based, Oop shift amount: 3

CDS archive(s) not mapped
Compressed class space mapped at: 0x0000000800000000-0x0000000840000000, reserved size: 1073741824
Narrow klass base: 0x0000000800000000, Narrow klass shift: 0, Narrow klass range: 0x40000000

GC Precious Log:
 CPUs: 8 total, 8 available
 Memory: 16202M
 Large Page Support: Disabled
 NUMA Support: Disabled
 Compressed Oops: Enabled (Zero based)
 Heap Region Size: 4M
 Heap Min Capacity: 8M
 Heap Initial Capacity: 256M
 Heap Max Capacity: 8G
 Pre-touch: Disabled
 Parallel Workers: 8
 Concurrent Workers: 2
 Concurrent Refinement Workers: 8
 Periodic GC: Disabled

Heap:
 garbage-first heap   total 675840K, used 220945K [0x0000000600000000, 0x0000000800000000)
  region size 4096K, 1 young (4096K), 1 survivors (4096K)
 Metaspace       used 154609K, committed 155328K, reserved 1245184K
  class space    used 19866K, committed 20224K, reserved 1048576K

Heap Regions: E=young(eden), S=young(survivor), O=old, HS=humongous(starts), HC=humongous(continues), CS=collection set, F=free, OA=open archive, CA=closed archive, TAMS=top-at-mark-start (previous, next)
|   0|0x0000000600000000, 0x0000000600400000, 0x0000000600400000|100%|HS|  |TAMS 0x0000000600400000, 0x0000000600000000| Complete 
|   1|0x0000000600400000, 0x0000000600800000, 0x0000000600800000|100%| O|  |TAMS 0x0000000600800000, 0x0000000600400000| Untracked 
|   2|0x0000000600800000, 0x0000000600c00000, 0x0000000600c00000|100%| O|  |TAMS 0x0000000600c00000, 0x0000000600800000| Untracked 
|   3|0x0000000600c00000, 0x0000000601000000, 0x0000000601000000|100%| O|  |TAMS 0x0000000601000000, 0x0000000600c00000| Untracked 
|   4|0x0000000601000000, 0x0000000601400000, 0x0000000601400000|100%| O|  |TAMS 0x0000000601400000, 0x0000000601000000| Untracked 
|   5|0x0000000601400000, 0x0000000601800000, 0x0000000601800000|100%| O|  |TAMS 0x0000000601800000, 0x0000000601400000| Untracked 
|   6|0x0000000601800000, 0x0000000601c00000, 0x0000000601c00000|100%| O|  |TAMS 0x0000000601c00000, 0x0000000601800000| Untracked 
|   7|0x0000000601c00000, 0x0000000602000000, 0x0000000602000000|100%| O|  |TAMS 0x0000000602000000, 0x0000000601c00000| Untracked 
|   8|0x0000000602000000, 0x0000000602400000, 0x0000000602400000|100%| O|  |TAMS 0x0000000602400000, 0x0000000602000000| Untracked 
|   9|0x0000000602400000, 0x0000000602800000, 0x0000000602800000|100%| O|  |TAMS 0x0000000602800000, 0x0000000602400000| Untracked 
|  10|0x0000000602800000, 0x0000000602c00000, 0x0000000602c00000|100%| O|  |TAMS 0x0000000602c00000, 0x0000000602800000| Untracked 
|  11|0x0000000602c00000, 0x0000000603000000, 0x0000000603000000|100%| O|  |TAMS 0x0000000603000000, 0x0000000602c00000| Untracked 
|  12|0x0000000603000000, 0x0000000603400000, 0x0000000603400000|100%| O|  |TAMS 0x0000000603400000, 0x0000000603000000| Untracked 
|  13|0x0000000603400000, 0x0000000603800000, 0x0000000603800000|100%| O|  |TAMS 0x0000000603800000, 0x0000000603400000| Untracked 
|  14|0x0000000603800000, 0x0000000603c00000, 0x0000000603c00000|100%| O|  |TAMS 0x0000000603c00000, 0x0000000603800000| Untracked 
|  15|0x0000000603c00000, 0x0000000604000000, 0x0000000604000000|100%| O|  |TAMS 0x0000000604000000, 0x0000000603c00000| Untracked 
|  16|0x0000000604000000, 0x0000000604400000, 0x0000000604400000|100%| O|  |TAMS 0x0000000604400000, 0x0000000604000000| Untracked 
|  17|0x0000000604400000, 0x0000000604800000, 0x0000000604800000|100%| O|  |TAMS 0x0000000604800000, 0x0000000604400000| Untracked 
|  18|0x0000000604800000, 0x0000000604c00000, 0x0000000604c00000|100%| O|  |TAMS 0x0000000604c00000, 0x0000000604800000| Untracked 
|  19|0x0000000604c00000, 0x0000000605000000, 0x0000000605000000|100%| O|  |TAMS 0x0000000605000000, 0x0000000604c00000| Untracked 
|  20|0x0000000605000000, 0x0000000605400000, 0x0000000605400000|100%| O|  |TAMS 0x0000000605400000, 0x0000000605000000| Untracked 
|  21|0x0000000605400000, 0x0000000605800000, 0x0000000605800000|100%| O|  |TAMS 0x0000000605800000, 0x0000000605400000| Untracked 
|  22|0x0000000605800000, 0x0000000605c00000, 0x0000000605c00000|100%| O|  |TAMS 0x0000000605c00000, 0x0000000605800000| Untracked 
|  23|0x0000000605c00000, 0x0000000606000000, 0x0000000606000000|100%| O|  |TAMS 0x0000000606000000, 0x0000000605c00000| Untracked 
|  24|0x0000000606000000, 0x0000000606400000, 0x0000000606400000|100%| O|  |TAMS 0x0000000606400000, 0x0000000606000000| Untracked 
|  25|0x0000000606400000, 0x0000000606800000, 0x0000000606800000|100%|HS|  |TAMS 0x0000000606800000, 0x0000000606400000| Complete 
|  26|0x0000000606800000, 0x0000000606c00000, 0x0000000606c00000|100%|HS|  |TAMS 0x0000000606c00000, 0x0000000606800000| Complete 
|  27|0x0000000606c00000, 0x0000000607000000, 0x0000000607000000|100%| O|  |TAMS 0x0000000606c00000, 0x0000000606c00000| Untracked 
|  28|0x0000000607000000, 0x0000000607400000, 0x0000000607400000|100%| O|  |TAMS 0x0000000607400000, 0x0000000607000000| Untracked 
|  29|0x0000000607400000, 0x0000000607800000, 0x0000000607800000|100%| O|  |TAMS 0x0000000607800000, 0x0000000607400000| Untracked 
|  30|0x0000000607800000, 0x0000000607c00000, 0x0000000607c00000|100%| O|  |TAMS 0x0000000607c00000, 0x0000000607800000| Untracked 
|  31|0x0000000607c00000, 0x0000000608000000, 0x0000000608000000|100%| O|  |TAMS 0x0000000608000000, 0x0000000607c00000| Untracked 
|  32|0x0000000608000000, 0x0000000608400000, 0x0000000608400000|100%| O|  |TAMS 0x0000000608400000, 0x0000000608000000| Untracked 
|  33|0x0000000608400000, 0x0000000608800000, 0x0000000608800000|100%|HS|  |TAMS 0x0000000608800000, 0x0000000608400000| Complete 
|  34|0x0000000608800000, 0x0000000608c00000, 0x0000000608c00000|100%|HC|  |TAMS 0x0000000608c00000, 0x0000000608800000| Complete 
|  35|0x0000000608c00000, 0x0000000609000000, 0x0000000609000000|100%| O|  |TAMS 0x0000000609000000, 0x0000000608c00000| Untracked 
|  36|0x0000000609000000, 0x0000000609400000, 0x0000000609400000|100%| O|  |TAMS 0x0000000609400000, 0x0000000609000000| Untracked 
|  37|0x0000000609400000, 0x0000000609800000, 0x0000000609800000|100%| O|  |TAMS 0x0000000609800000, 0x0000000609400000| Untracked 
|  38|0x0000000609800000, 0x0000000609c00000, 0x0000000609c00000|100%| O|  |TAMS 0x0000000609c00000, 0x0000000609800000| Untracked 
|  39|0x0000000609c00000, 0x000000060a000000, 0x000000060a000000|100%| O|  |TAMS 0x000000060a000000, 0x0000000609c00000| Untracked 
|  40|0x000000060a000000, 0x000000060a400000, 0x000000060a400000|100%| O|  |TAMS 0x000000060a400000, 0x000000060a000000| Untracked 
|  41|0x000000060a400000, 0x000000060a800000, 0x000000060a800000|100%| O|  |TAMS 0x000000060a800000, 0x000000060a400000| Untracked 
|  42|0x000000060a800000, 0x000000060ac00000, 0x000000060ac00000|100%| O|  |TAMS 0x000000060ac00000, 0x000000060a800000| Untracked 
|  43|0x000000060ac00000, 0x000000060b000000, 0x000000060b000000|100%| O|  |TAMS 0x000000060b000000, 0x000000060ac00000| Untracked 
|  44|0x000000060b000000, 0x000000060b400000, 0x000000060b400000|100%| O|  |TAMS 0x000000060b400000, 0x000000060b000000| Untracked 
|  45|0x000000060b400000, 0x000000060b800000, 0x000000060b800000|100%| O|  |TAMS 0x000000060b800000, 0x000000060b400000| Untracked 
|  46|0x000000060b800000, 0x000000060b800000, 0x000000060bc00000|  0%| F|  |TAMS 0x000000060b800000, 0x000000060b800000| Untracked 
|  47|0x000000060bc00000, 0x000000060bc00000, 0x000000060c000000|  0%| F|  |TAMS 0x000000060bc00000, 0x000000060bc00000| Untracked 
|  48|0x000000060c000000, 0x000000060c000000, 0x000000060c400000|  0%| F|  |TAMS 0x000000060c000000, 0x000000060c000000| Untracked 
|  49|0x000000060c400000, 0x000000060c800000, 0x000000060c800000|100%| O|  |TAMS 0x000000060c800000, 0x000000060c400000| Untracked 
|  50|0x000000060c800000, 0x000000060cc00000, 0x000000060cc00000|100%| O|  |TAMS 0x000000060cc00000, 0x000000060c800000| Untracked 
|  51|0x000000060cc00000, 0x000000060d000000, 0x000000060d000000|100%| O|  |TAMS 0x000000060ce78400, 0x000000060cc00000| Untracked 
|  52|0x000000060d000000, 0x000000060d400000, 0x000000060d400000|100%| O|  |TAMS 0x000000060d000000, 0x000000060d000000| Untracked 
|  53|0x000000060d400000, 0x000000060d800000, 0x000000060d800000|100%| O|  |TAMS 0x000000060d400000, 0x000000060d400000| Untracked 
|  54|0x000000060d800000, 0x000000060dc00000, 0x000000060dc00000|100%| O|  |TAMS 0x000000060d800000, 0x000000060d800000| Untracked 
|  55|0x000000060dc00000, 0x000000060dd6ac00, 0x000000060e000000| 35%| O|  |TAMS 0x000000060dc00000, 0x000000060dc00000| Untracked 
|  56|0x000000060e000000, 0x000000060e000000, 0x000000060e400000|  0%| F|  |TAMS 0x000000060e000000, 0x000000060e000000| Untracked 
|  57|0x000000060e400000, 0x000000060e400000, 0x000000060e800000|  0%| F|  |TAMS 0x000000060e400000, 0x000000060e400000| Untracked 
|  58|0x000000060e800000, 0x000000060e800000, 0x000000060ec00000|  0%| F|  |TAMS 0x000000060e800000, 0x000000060e800000| Untracked 
|  59|0x000000060ec00000, 0x000000060ec00000, 0x000000060f000000|  0%| F|  |TAMS 0x000000060ec00000, 0x000000060ec00000| Untracked 
|  60|0x000000060f000000, 0x000000060f000000, 0x000000060f400000|  0%| F|  |TAMS 0x000000060f000000, 0x000000060f000000| Untracked 
|  61|0x000000060f400000, 0x000000060f400000, 0x000000060f800000|  0%| F|  |TAMS 0x000000060f400000, 0x000000060f400000| Untracked 
|  62|0x000000060f800000, 0x000000060f800000, 0x000000060fc00000|  0%| F|  |TAMS 0x000000060f800000, 0x000000060f800000| Untracked 
|  63|0x000000060fc00000, 0x000000060fc00000, 0x0000000610000000|  0%| F|  |TAMS 0x000000060fc00000, 0x000000060fc00000| Untracked 
|  64|0x0000000610000000, 0x0000000610000000, 0x0000000610400000|  0%| F|  |TAMS 0x0000000610000000, 0x0000000610000000| Untracked 
|  65|0x0000000610400000, 0x0000000610400000, 0x0000000610800000|  0%| F|  |TAMS 0x0000000610400000, 0x0000000610400000| Untracked 
|  66|0x0000000610800000, 0x0000000610800000, 0x0000000610c00000|  0%| F|  |TAMS 0x0000000610800000, 0x0000000610800000| Untracked 
|  67|0x0000000610c00000, 0x0000000610c00000, 0x0000000611000000|  0%| F|  |TAMS 0x0000000610c00000, 0x0000000610c00000| Untracked 
|  68|0x0000000611000000, 0x0000000611000000, 0x0000000611400000|  0%| F|  |TAMS 0x0000000611000000, 0x0000000611000000| Untracked 
|  69|0x0000000611400000, 0x0000000611400000, 0x0000000611800000|  0%| F|  |TAMS 0x0000000611400000, 0x0000000611400000| Untracked 
|  70|0x0000000611800000, 0x0000000611800000, 0x0000000611c00000|  0%| F|  |TAMS 0x0000000611800000, 0x0000000611800000| Untracked 
|  71|0x0000000611c00000, 0x0000000611c00000, 0x0000000612000000|  0%| F|  |TAMS 0x0000000611c00000, 0x0000000611c00000| Untracked 
|  72|0x0000000612000000, 0x0000000612000000, 0x0000000612400000|  0%| F|  |TAMS 0x0000000612000000, 0x0000000612000000| Untracked 
|  73|0x0000000612400000, 0x0000000612400000, 0x0000000612800000|  0%| F|  |TAMS 0x0000000612400000, 0x0000000612400000| Untracked 
|  74|0x0000000612800000, 0x0000000612800000, 0x0000000612c00000|  0%| F|  |TAMS 0x0000000612800000, 0x0000000612800000| Untracked 
|  75|0x0000000612c00000, 0x0000000612c00000, 0x0000000613000000|  0%| F|  |TAMS 0x0000000612c00000, 0x0000000612c00000| Untracked 
|  76|0x0000000613000000, 0x0000000613000000, 0x0000000613400000|  0%| F|  |TAMS 0x0000000613000000, 0x0000000613000000| Untracked 
|  77|0x0000000613400000, 0x0000000613400000, 0x0000000613800000|  0%| F|  |TAMS 0x0000000613400000, 0x0000000613400000| Untracked 
|  78|0x0000000613800000, 0x0000000613800000, 0x0000000613c00000|  0%| F|  |TAMS 0x0000000613800000, 0x0000000613800000| Untracked 
|  79|0x0000000613c00000, 0x0000000613c00000, 0x0000000614000000|  0%| F|  |TAMS 0x0000000613c00000, 0x0000000613c00000| Untracked 
|  80|0x0000000614000000, 0x0000000614000000, 0x0000000614400000|  0%| F|  |TAMS 0x0000000614000000, 0x0000000614000000| Untracked 
|  81|0x0000000614400000, 0x0000000614400000, 0x0000000614800000|  0%| F|  |TAMS 0x0000000614400000, 0x0000000614400000| Untracked 
|  82|0x0000000614800000, 0x0000000614800000, 0x0000000614c00000|  0%| F|  |TAMS 0x0000000614800000, 0x0000000614800000| Untracked 
|  83|0x0000000614c00000, 0x0000000614c00000, 0x0000000615000000|  0%| F|  |TAMS 0x0000000614c00000, 0x0000000614c00000| Untracked 
|  84|0x0000000615000000, 0x0000000615000000, 0x0000000615400000|  0%| F|  |TAMS 0x0000000615000000, 0x0000000615000000| Untracked 
|  85|0x0000000615400000, 0x0000000615400000, 0x0000000615800000|  0%| F|  |TAMS 0x0000000615400000, 0x0000000615400000| Untracked 
|  86|0x0000000615800000, 0x0000000615800000, 0x0000000615c00000|  0%| F|  |TAMS 0x0000000615800000, 0x0000000615800000| Untracked 
|  87|0x0000000615c00000, 0x0000000615c00000, 0x0000000616000000|  0%| F|  |TAMS 0x0000000615c00000, 0x0000000615c00000| Untracked 
|  88|0x0000000616000000, 0x0000000616000000, 0x0000000616400000|  0%| F|  |TAMS 0x0000000616000000, 0x0000000616000000| Untracked 
|  89|0x0000000616400000, 0x0000000616400000, 0x0000000616800000|  0%| F|  |TAMS 0x0000000616400000, 0x0000000616400000| Untracked 
|  90|0x0000000616800000, 0x0000000616800000, 0x0000000616c00000|  0%| F|  |TAMS 0x0000000616800000, 0x0000000616800000| Untracked 
|  91|0x0000000616c00000, 0x0000000616c00000, 0x0000000617000000|  0%| F|  |TAMS 0x0000000616c00000, 0x0000000616c00000| Untracked 
|  92|0x0000000617000000, 0x0000000617000000, 0x0000000617400000|  0%| F|  |TAMS 0x0000000617000000, 0x0000000617000000| Untracked 
|  93|0x0000000617400000, 0x0000000617400000, 0x0000000617800000|  0%| F|  |TAMS 0x0000000617400000, 0x0000000617400000| Untracked 
|  94|0x0000000617800000, 0x0000000617800000, 0x0000000617c00000|  0%| F|  |TAMS 0x0000000617800000, 0x0000000617800000| Untracked 
|  95|0x0000000617c00000, 0x0000000617c00000, 0x0000000618000000|  0%| F|  |TAMS 0x0000000617c00000, 0x0000000617c00000| Untracked 
|  96|0x0000000618000000, 0x0000000618000000, 0x0000000618400000|  0%| F|  |TAMS 0x0000000618000000, 0x0000000618000000| Untracked 
|  97|0x0000000618400000, 0x0000000618400000, 0x0000000618800000|  0%| F|  |TAMS 0x0000000618400000, 0x0000000618400000| Untracked 
|  98|0x0000000618800000, 0x0000000618800000, 0x0000000618c00000|  0%| F|  |TAMS 0x0000000618800000, 0x0000000618800000| Untracked 
|  99|0x0000000618c00000, 0x0000000618c00000, 0x0000000619000000|  0%| F|  |TAMS 0x0000000618c00000, 0x0000000618c00000| Untracked 
| 100|0x0000000619000000, 0x0000000619000000, 0x0000000619400000|  0%| F|  |TAMS 0x0000000619000000, 0x0000000619000000| Untracked 
| 101|0x0000000619400000, 0x0000000619400000, 0x0000000619800000|  0%| F|  |TAMS 0x0000000619400000, 0x0000000619400000| Untracked 
| 102|0x0000000619800000, 0x0000000619800000, 0x0000000619c00000|  0%| F|  |TAMS 0x0000000619800000, 0x0000000619800000| Untracked 
| 103|0x0000000619c00000, 0x0000000619c00000, 0x000000061a000000|  0%| F|  |TAMS 0x0000000619c00000, 0x0000000619c00000| Untracked 
| 104|0x000000061a000000, 0x000000061a000000, 0x000000061a400000|  0%| F|  |TAMS 0x000000061a000000, 0x000000061a000000| Untracked 
| 105|0x000000061a400000, 0x000000061a400000, 0x000000061a800000|  0%| F|  |TAMS 0x000000061a400000, 0x000000061a400000| Untracked 
| 106|0x000000061a800000, 0x000000061a800000, 0x000000061ac00000|  0%| F|  |TAMS 0x000000061a800000, 0x000000061a800000| Untracked 
| 107|0x000000061ac00000, 0x000000061ac00000, 0x000000061b000000|  0%| F|  |TAMS 0x000000061ac00000, 0x000000061ac00000| Untracked 
| 108|0x000000061b000000, 0x000000061b000000, 0x000000061b400000|  0%| F|  |TAMS 0x000000061b000000, 0x000000061b000000| Untracked 
| 109|0x000000061b400000, 0x000000061b400000, 0x000000061b800000|  0%| F|  |TAMS 0x000000061b400000, 0x000000061b400000| Untracked 
| 110|0x000000061b800000, 0x000000061b800000, 0x000000061bc00000|  0%| F|  |TAMS 0x000000061b800000, 0x000000061b800000| Untracked 
| 111|0x000000061bc00000, 0x000000061bc00000, 0x000000061c000000|  0%| F|  |TAMS 0x000000061bc00000, 0x000000061bc00000| Untracked 
| 112|0x000000061c000000, 0x000000061c000000, 0x000000061c400000|  0%| F|  |TAMS 0x000000061c000000, 0x000000061c000000| Untracked 
| 113|0x000000061c400000, 0x000000061c400000, 0x000000061c800000|  0%| F|  |TAMS 0x000000061c400000, 0x000000061c400000| Untracked 
| 114|0x000000061c800000, 0x000000061c800000, 0x000000061cc00000|  0%| F|  |TAMS 0x000000061c800000, 0x000000061c800000| Untracked 
| 115|0x000000061cc00000, 0x000000061cc00000, 0x000000061d000000|  0%| F|  |TAMS 0x000000061cc00000, 0x000000061cc00000| Untracked 
| 116|0x000000061d000000, 0x000000061d000000, 0x000000061d400000|  0%| F|  |TAMS 0x000000061d000000, 0x000000061d000000| Untracked 
| 117|0x000000061d400000, 0x000000061d400000, 0x000000061d800000|  0%| F|  |TAMS 0x000000061d400000, 0x000000061d400000| Untracked 
| 118|0x000000061d800000, 0x000000061d800000, 0x000000061dc00000|  0%| F|  |TAMS 0x000000061d800000, 0x000000061d800000| Untracked 
| 119|0x000000061dc00000, 0x000000061dc00000, 0x000000061e000000|  0%| F|  |TAMS 0x000000061dc00000, 0x000000061dc00000| Untracked 
| 120|0x000000061e000000, 0x000000061e000000, 0x000000061e400000|  0%| F|  |TAMS 0x000000061e000000, 0x000000061e000000| Untracked 
| 121|0x000000061e400000, 0x000000061e400000, 0x000000061e800000|  0%| F|  |TAMS 0x000000061e400000, 0x000000061e400000| Untracked 
| 122|0x000000061e800000, 0x000000061e800000, 0x000000061ec00000|  0%| F|  |TAMS 0x000000061e800000, 0x000000061e800000| Untracked 
| 123|0x000000061ec00000, 0x000000061ec00000, 0x000000061f000000|  0%| F|  |TAMS 0x000000061ec00000, 0x000000061ec00000| Untracked 
| 124|0x000000061f000000, 0x000000061f000000, 0x000000061f400000|  0%| F|  |TAMS 0x000000061f000000, 0x000000061f000000| Untracked 
| 125|0x000000061f400000, 0x000000061f400000, 0x000000061f800000|  0%| F|  |TAMS 0x000000061f400000, 0x000000061f400000| Untracked 
| 126|0x000000061f800000, 0x000000061f800000, 0x000000061fc00000|  0%| F|  |TAMS 0x000000061f800000, 0x000000061f800000| Untracked 
| 127|0x000000061fc00000, 0x000000061fc00000, 0x0000000620000000|  0%| F|  |TAMS 0x000000061fc00000, 0x000000061fc00000| Untracked 
| 128|0x0000000620000000, 0x0000000620000000, 0x0000000620400000|  0%| F|  |TAMS 0x0000000620000000, 0x0000000620000000| Untracked 
| 129|0x0000000620400000, 0x0000000620400000, 0x0000000620800000|  0%| F|  |TAMS 0x0000000620400000, 0x0000000620400000| Untracked 
| 130|0x0000000620800000, 0x0000000620800000, 0x0000000620c00000|  0%| F|  |TAMS 0x0000000620800000, 0x0000000620800000| Untracked 
| 131|0x0000000620c00000, 0x0000000620c00000, 0x0000000621000000|  0%| F|  |TAMS 0x0000000620c00000, 0x0000000620c00000| Untracked 
| 132|0x0000000621000000, 0x0000000621000000, 0x0000000621400000|  0%| F|  |TAMS 0x0000000621000000, 0x0000000621000000| Untracked 
| 133|0x0000000621400000, 0x0000000621400000, 0x0000000621800000|  0%| F|  |TAMS 0x0000000621400000, 0x0000000621400000| Untracked 
| 134|0x0000000621800000, 0x0000000621800000, 0x0000000621c00000|  0%| F|  |TAMS 0x0000000621800000, 0x0000000621800000| Untracked 
| 135|0x0000000621c00000, 0x0000000621c00000, 0x0000000622000000|  0%| F|  |TAMS 0x0000000621c00000, 0x0000000621c00000| Untracked 
| 136|0x0000000622000000, 0x0000000622000000, 0x0000000622400000|  0%| F|  |TAMS 0x0000000622000000, 0x0000000622000000| Untracked 
| 137|0x0000000622400000, 0x0000000622400000, 0x0000000622800000|  0%| F|  |TAMS 0x0000000622400000, 0x0000000622400000| Untracked 
| 138|0x0000000622800000, 0x0000000622800000, 0x0000000622c00000|  0%| F|  |TAMS 0x0000000622800000, 0x0000000622800000| Untracked 
| 139|0x0000000622c00000, 0x0000000622c00000, 0x0000000623000000|  0%| F|  |TAMS 0x0000000622c00000, 0x0000000622c00000| Untracked 
| 140|0x0000000623000000, 0x0000000623000000, 0x0000000623400000|  0%| F|  |TAMS 0x0000000623000000, 0x0000000623000000| Untracked 
| 141|0x0000000623400000, 0x0000000623400000, 0x0000000623800000|  0%| F|  |TAMS 0x0000000623400000, 0x0000000623400000| Untracked 
| 142|0x0000000623800000, 0x0000000623800000, 0x0000000623c00000|  0%| F|  |TAMS 0x0000000623800000, 0x0000000623800000| Untracked 
| 143|0x0000000623c00000, 0x0000000623c00000, 0x0000000624000000|  0%| F|  |TAMS 0x0000000623c00000, 0x0000000623c00000| Untracked 
| 144|0x0000000624000000, 0x0000000624000000, 0x0000000624400000|  0%| F|  |TAMS 0x0000000624000000, 0x0000000624000000| Untracked 
| 145|0x0000000624400000, 0x0000000624400000, 0x0000000624800000|  0%| F|  |TAMS 0x0000000624400000, 0x0000000624400000| Untracked 
| 146|0x0000000624800000, 0x0000000624800000, 0x0000000624c00000|  0%| F|  |TAMS 0x0000000624800000, 0x0000000624800000| Untracked 
| 147|0x0000000624c00000, 0x0000000624c00000, 0x0000000625000000|  0%| F|  |TAMS 0x0000000624c00000, 0x0000000624c00000| Untracked 
| 148|0x0000000625000000, 0x0000000625000000, 0x0000000625400000|  0%| F|  |TAMS 0x0000000625000000, 0x0000000625000000| Untracked 
| 149|0x0000000625400000, 0x0000000625400000, 0x0000000625800000|  0%| F|  |TAMS 0x0000000625400000, 0x0000000625400000| Untracked 
| 150|0x0000000625800000, 0x0000000625800000, 0x0000000625c00000|  0%| F|  |TAMS 0x0000000625800000, 0x0000000625800000| Untracked 
| 151|0x0000000625c00000, 0x0000000625c00000, 0x0000000626000000|  0%| F|  |TAMS 0x0000000625c00000, 0x0000000625c00000| Untracked 
| 152|0x0000000626000000, 0x0000000626000000, 0x0000000626400000|  0%| F|  |TAMS 0x0000000626000000, 0x0000000626000000| Untracked 
| 153|0x0000000626400000, 0x0000000626400000, 0x0000000626800000|  0%| F|  |TAMS 0x0000000626400000, 0x0000000626400000| Untracked 
| 154|0x0000000626800000, 0x0000000626800000, 0x0000000626c00000|  0%| F|  |TAMS 0x0000000626800000, 0x0000000626800000| Untracked 
| 155|0x0000000626c00000, 0x0000000626c00000, 0x0000000627000000|  0%| F|  |TAMS 0x0000000626c00000, 0x0000000626c00000| Untracked 
| 156|0x0000000627000000, 0x0000000627000000, 0x0000000627400000|  0%| F|  |TAMS 0x0000000627000000, 0x0000000627000000| Untracked 
| 157|0x0000000627400000, 0x0000000627400000, 0x0000000627800000|  0%| F|  |TAMS 0x0000000627400000, 0x0000000627400000| Untracked 
| 158|0x0000000627800000, 0x0000000627800000, 0x0000000627c00000|  0%| F|  |TAMS 0x0000000627800000, 0x0000000627800000| Untracked 
| 159|0x0000000627c00000, 0x0000000627c00000, 0x0000000628000000|  0%| F|  |TAMS 0x0000000627c00000, 0x0000000627c00000| Untracked 
| 160|0x0000000628000000, 0x0000000628259b30, 0x0000000628400000| 58%| S|CS|TAMS 0x0000000628000000, 0x0000000628000000| Complete 
| 161|0x0000000628400000, 0x0000000628400000, 0x0000000628800000|  0%| F|  |TAMS 0x0000000628400000, 0x0000000628400000| Untracked 
| 162|0x0000000628800000, 0x0000000628800000, 0x0000000628c00000|  0%| F|  |TAMS 0x0000000628800000, 0x0000000628800000| Untracked 
| 163|0x0000000628c00000, 0x0000000628c00000, 0x0000000629000000|  0%| F|  |TAMS 0x0000000628c00000, 0x0000000628c00000| Untracked 
|2047|0x00000007ffc00000, 0x0000000800000000, 0x0000000800000000|100%| O|  |TAMS 0x0000000800000000, 0x00000007ffc00000| Untracked 

Card table byte_map: [0x00000187beb30000,0x00000187bfb30000] _byte_map_base: 0x00000187bbb30000

Marking Bits (Prev, Next): (CMBitMap*) 0x00000187d0b70b90, (CMBitMap*) 0x00000187d0b70bd0
 Prev Bits: [0x00000187c0b30000, 0x00000187c8b30000)
 Next Bits: [0x00000187c8b30000, 0x00000187d0b30000)

Polling page: 0x00000187980f0000

Metaspace:

Usage:
  Non-class:    131.59 MB used.
      Class:     19.40 MB used.
       Both:    150.99 MB used.

Virtual space:
  Non-class space:      192.00 MB reserved,     131.94 MB ( 69%) committed,  3 nodes.
      Class space:        1.00 GB reserved,      19.75 MB (  2%) committed,  1 nodes.
             Both:        1.19 GB reserved,     151.69 MB ( 12%) committed. 

Chunk freelists:
   Non-Class:  11.83 MB
       Class:  12.23 MB
        Both:  24.06 MB

MaxMetaspaceSize: 4.00 GB
CompressedClassSpaceSize: 1.00 GB
Initial GC threshold: 21.00 MB
Current GC threshold: 252.81 MB
CDS: off
MetaspaceReclaimPolicy: balanced
 - commit_granule_bytes: 65536.
 - commit_granule_words: 8192.
 - virtual_space_node_default_size: 8388608.
 - enlarge_chunks_in_place: 1.
 - new_chunks_are_fully_committed: 0.
 - uncommit_free_chunks: 1.
 - use_allocation_guard: 0.
 - handle_deallocations: 1.


Internal statistics:

num_allocs_failed_limit: 18.
num_arena_births: 998.
num_arena_deaths: 10.
num_vsnodes_births: 4.
num_vsnodes_deaths: 0.
num_space_committed: 2425.
num_space_uncommitted: 0.
num_chunks_returned_to_freelist: 32.
num_chunks_taken_from_freelist: 6294.
num_chunk_merges: 18.
num_chunk_splits: 4672.
num_chunks_enlarged: 3686.
num_inconsistent_stats: 0.

CodeHeap 'non-profiled nmethods': size=259264Kb used=11544Kb max_used=11544Kb free=247719Kb
 bounds [0x00000187ad8b0000, 0x00000187ae410000, 0x00000187bd5e0000]
CodeHeap 'profiled nmethods': size=259264Kb used=35990Kb max_used=35990Kb free=223273Kb
 bounds [0x000001879d5e0000, 0x000001879f910000, 0x00000187ad310000]
CodeHeap 'non-nmethods': size=5760Kb used=1969Kb max_used=1993Kb free=3790Kb
 bounds [0x00000187ad310000, 0x00000187ad580000, 0x00000187ad8b0000]
 total_blobs=17301 nmethods=16265 adapters=944
 compilation: enabled
              stopped_count=0, restarted_count=0
 full_count=0

Compilation events (20 events):
Event: 198.596 Thread 0x00000187d378f790 20415       2       org.jetbrains.org.objectweb.asm.ClassWriter::visitNestHost (16 bytes)
Event: 198.596 Thread 0x00000187d378f790 nmethod 20415 0x000001879f653090 code [0x000001879f653220, 0x000001879f653368]
Event: 198.597 Thread 0x00000187d378f790 20416       2       org.jetbrains.kotlin.incremental.DifferenceCalculatorForPackageFacade$Companion$getNonPrivateMembers$membersResolvers$2::invoke (9 bytes)
Event: 198.597 Thread 0x00000187d378f790 nmethod 20416 0x000001879f624110 code [0x000001879f6242e0, 0x000001879f6245f8]
Event: 198.598 Thread 0x00000187d378f790 20417       2       org.jetbrains.kotlin.incremental.DifferenceCalculatorForPackageFacade$Companion$getNonPrivateMembers$membersResolvers$2::invoke (11 bytes)
Event: 198.598 Thread 0x00000187d378f790 nmethod 20417 0x000001879f8fe490 code [0x000001879f8fe660, 0x000001879f8fe918]
Event: 198.598 Thread 0x00000187d378f790 20418       2       org.jetbrains.kotlin.incremental.DifferenceCalculatorForPackageFacade$Companion$getNonPrivateMembers$membersResolvers$3::invoke (11 bytes)
Event: 198.598 Thread 0x00000187d378f790 nmethod 20418 0x000001879f8feb10 code [0x000001879f8fece0, 0x000001879f8fef98]
Event: 198.598 Thread 0x00000187d378f790 20419       2       org.jetbrains.kotlin.incremental.DifferenceCalculatorForPackageFacade$Companion$getNonPrivateMembers$membersResolvers$3::invoke (9 bytes)
Event: 198.599 Thread 0x00000187d378f790 nmethod 20419 0x000001879f8ff190 code [0x000001879f8ff360, 0x000001879f8ff678]
Event: 198.624 Thread 0x00000187dd8ef480 nmethod 20408 0x00000187ae21ca90 code [0x00000187ae21cd60, 0x00000187ae21ea18]
Event: 198.625 Thread 0x00000187dd8ef480 20406       4       org.jetbrains.kotlin.metadata.jvm.deserialization.JvmNameResolverKt::toExpandedRecordsList (106 bytes)
Event: 198.640 Thread 0x00000187d378f790 20422 % !   3       org.jetbrains.kotlin.metadata.ProtoBuf$Constructor::<init> @ 36 (520 bytes)
Event: 198.656 Thread 0x00000187d378f790 nmethod 20422% 0x000001879f8ff890 code [0x000001879f8fffa0, 0x000001879f904fd8]
Event: 198.662 Thread 0x00000187d378f790 20424       1       org.jetbrains.kotlin.metadata.ProtoBuf$TypeAlias::getUnderlyingType (5 bytes)
Event: 198.662 Thread 0x00000187d378f790 nmethod 20424 0x00000187ade40410 code [0x00000187ade405a0, 0x00000187ade40678]
Event: 198.662 Thread 0x00000187d378f790 20425       1       org.jetbrains.kotlin.metadata.ProtoBuf$TypeAlias::getExpandedType (5 bytes)
Event: 198.662 Thread 0x00000187d378f790 nmethod 20425 0x00000187ada22390 code [0x00000187ada22520, 0x00000187ada225f8]
Event: 198.667 Thread 0x00000187dd8ef480 nmethod 20406 0x00000187ae268910 code [0x00000187ae268b00, 0x00000187ae26a018]
Event: 198.667 Thread 0x00000187dd8ef480 20423       4       org.jetbrains.org.objectweb.asm.ClassWriter::toByteArray (1535 bytes)

GC Heap History (20 events):
Event: 159.049 GC heap after
{Heap after GC invocations=46 (full 0):
 garbage-first heap   total 651264K, used 145996K [0x0000000600000000, 0x0000000800000000)
  region size 4096K, 9 young (36864K), 9 survivors (36864K)
 Metaspace       used 100745K, committed 101376K, reserved 1179648K
  class space    used 13913K, committed 14208K, reserved 1048576K
}
Event: 162.922 GC heap before
{Heap before GC invocations=47 (full 0):
 garbage-first heap   total 532480K, used 485964K [0x0000000600000000, 0x0000000800000000)
  region size 4096K, 91 young (372736K), 9 survivors (36864K)
 Metaspace       used 128464K, committed 129152K, reserved 1179648K
  class space    used 16904K, committed 17216K, reserved 1048576K
}
Event: 162.955 GC heap after
{Heap after GC invocations=48 (full 0):
 garbage-first heap   total 561152K, used 179761K [0x0000000600000000, 0x0000000800000000)
  region size 4096K, 12 young (49152K), 12 survivors (49152K)
 Metaspace       used 128464K, committed 129152K, reserved 1179648K
  class space    used 16904K, committed 17216K, reserved 1048576K
}
Event: 162.994 GC heap before
{Heap before GC invocations=48 (full 0):
 garbage-first heap   total 561152K, used 183857K [0x0000000600000000, 0x0000000800000000)
  region size 4096K, 13 young (53248K), 12 survivors (49152K)
 Metaspace       used 128722K, committed 129408K, reserved 1179648K
  class space    used 16933K, committed 17216K, reserved 1048576K
}
Event: 163.017 GC heap after
{Heap after GC invocations=49 (full 0):
 garbage-first heap   total 561152K, used 179723K [0x0000000600000000, 0x0000000800000000)
  region size 4096K, 2 young (8192K), 2 survivors (8192K)
 Metaspace       used 128722K, committed 129408K, reserved 1179648K
  class space    used 16933K, committed 17216K, reserved 1048576K
}
Event: 196.681 GC heap before
{Heap before GC invocations=49 (full 0):
 garbage-first heap   total 561152K, used 462347K [0x0000000600000000, 0x0000000800000000)
  region size 4096K, 69 young (282624K), 2 survivors (8192K)
 Metaspace       used 152246K, committed 153024K, reserved 1245184K
  class space    used 19668K, committed 20032K, reserved 1048576K
}
Event: 196.693 GC heap after
{Heap after GC invocations=50 (full 0):
 garbage-first heap   total 675840K, used 195166K [0x0000000600000000, 0x0000000800000000)
  region size 4096K, 6 young (24576K), 6 survivors (24576K)
 Metaspace       used 152246K, committed 153024K, reserved 1245184K
  class space    used 19668K, committed 20032K, reserved 1048576K
}
Event: 197.186 GC heap before
{Heap before GC invocations=51 (full 0):
 garbage-first heap   total 675840K, used 539230K [0x0000000600000000, 0x0000000800000000)
  region size 4096K, 91 young (372736K), 6 survivors (24576K)
 Metaspace       used 154123K, committed 154816K, reserved 1245184K
  class space    used 19847K, committed 20160K, reserved 1048576K
}
Event: 197.206 GC heap after
{Heap after GC invocations=52 (full 0):
 garbage-first heap   total 675840K, used 212665K [0x0000000600000000, 0x0000000800000000)
  region size 4096K, 10 young (40960K), 10 survivors (40960K)
 Metaspace       used 154123K, committed 154816K, reserved 1245184K
  class space    used 19847K, committed 20160K, reserved 1048576K
}
Event: 197.210 GC heap before
{Heap before GC invocations=52 (full 0):
 garbage-first heap   total 675840K, used 216761K [0x0000000600000000, 0x0000000800000000)
  region size 4096K, 11 young (45056K), 10 survivors (40960K)
 Metaspace       used 154128K, committed 154816K, reserved 1245184K
  class space    used 19848K, committed 20160K, reserved 1048576K
}
Event: 197.230 GC heap after
{Heap after GC invocations=53 (full 0):
 garbage-first heap   total 675840K, used 214634K [0x0000000600000000, 0x0000000800000000)
  region size 4096K, 1 young (4096K), 1 survivors (4096K)
 Metaspace       used 154128K, committed 154816K, reserved 1245184K
  class space    used 19848K, committed 20160K, reserved 1048576K
}
Event: 197.505 GC heap before
{Heap before GC invocations=53 (full 0):
 garbage-first heap   total 675840K, used 542314K [0x0000000600000000, 0x0000000800000000)
  region size 4096K, 82 young (335872K), 1 survivors (4096K)
 Metaspace       used 154495K, committed 155200K, reserved 1245184K
  class space    used 19866K, committed 20224K, reserved 1048576K
}
Event: 197.508 GC heap after
{Heap after GC invocations=54 (full 0):
 garbage-first heap   total 675840K, used 216132K [0x0000000600000000, 0x0000000800000000)
  region size 4096K, 2 young (8192K), 2 survivors (8192K)
 Metaspace       used 154495K, committed 155200K, reserved 1245184K
  class space    used 19866K, committed 20224K, reserved 1048576K
}
Event: 197.815 GC heap before
{Heap before GC invocations=54 (full 0):
 garbage-first heap   total 675840K, used 547908K [0x0000000600000000, 0x0000000800000000)
  region size 4096K, 84 young (344064K), 2 survivors (8192K)
 Metaspace       used 154583K, committed 155328K, reserved 1245184K
  class space    used 19866K, committed 20224K, reserved 1048576K
}
Event: 197.819 GC heap after
{Heap after GC invocations=55 (full 0):
 garbage-first heap   total 675840K, used 219940K [0x0000000600000000, 0x0000000800000000)
  region size 4096K, 3 young (12288K), 3 survivors (12288K)
 Metaspace       used 154583K, committed 155328K, reserved 1245184K
  class space    used 19866K, committed 20224K, reserved 1048576K
}
Event: 198.108 GC heap before
{Heap before GC invocations=55 (full 0):
 garbage-first heap   total 675840K, used 555812K [0x0000000600000000, 0x0000000800000000)
  region size 4096K, 86 young (352256K), 3 survivors (12288K)
 Metaspace       used 154606K, committed 155328K, reserved 1245184K
  class space    used 19866K, committed 20224K, reserved 1048576K
}
Event: 198.117 GC heap after
{Heap after GC invocations=56 (full 0):
 garbage-first heap   total 675840K, used 225046K [0x0000000600000000, 0x0000000800000000)
  region size 4096K, 4 young (16384K), 4 survivors (16384K)
 Metaspace       used 154606K, committed 155328K, reserved 1245184K
  class space    used 19866K, committed 20224K, reserved 1048576K
}
Event: 198.644 GC heap before
{Heap before GC invocations=57 (full 0):
 garbage-first heap   total 675840K, used 565014K [0x0000000600000000, 0x0000000800000000)
  region size 4096K, 87 young (356352K), 4 survivors (16384K)
 Metaspace       used 154609K, committed 155328K, reserved 1245184K
  class space    used 19866K, committed 20224K, reserved 1048576K
}
Event: 198.656 GC heap after
{Heap after GC invocations=58 (full 0):
 garbage-first heap   total 675840K, used 229526K [0x0000000600000000, 0x0000000800000000)
  region size 4096K, 5 young (20480K), 5 survivors (20480K)
 Metaspace       used 154609K, committed 155328K, reserved 1245184K
  class space    used 19866K, committed 20224K, reserved 1048576K
}
Event: 198.667 GC heap before
{Heap before GC invocations=58 (full 0):
 garbage-first heap   total 675840K, used 241814K [0x0000000600000000, 0x0000000800000000)
  region size 4096K, 8 young (32768K), 5 survivors (20480K)
 Metaspace       used 154609K, committed 155328K, reserved 1245184K
  class space    used 19866K, committed 20224K, reserved 1048576K
}

Dll operation events (3 events):
Event: 0.007 Loaded shared library C:\Program Files\Android\Android Studio\jbr\bin\java.dll
Event: 0.120 Loaded shared library C:\Program Files\Android\Android Studio\jbr\bin\zip.dll
Event: 0.582 Loaded shared library C:\Program Files\Android\Android Studio\jbr\bin\verify.dll

Deoptimization events (20 events):
Event: 198.034 Thread 0x00000187dfc2bee0 Uncommon trap: trap_request=0xffffff45 fr.pc=0x00000187ae3ba514 relative=0x00000000000008d4
Event: 198.034 Thread 0x00000187dfc2bee0 Uncommon trap: reason=unstable_if action=reinterpret pc=0x00000187ae3ba514 method=org.jetbrains.org.objectweb.asm.ClassReader.readUtf(II[C)Ljava/lang/String; @ 41 c2
Event: 198.034 Thread 0x00000187dfc2bee0 DEOPT PACKING pc=0x00000187ae3ba514 sp=0x00000039716faac0
Event: 198.034 Thread 0x00000187dfc2bee0 DEOPT UNPACKING pc=0x00000187ad3669a3 sp=0x00000039716fa970 mode 2
Event: 198.068 Thread 0x00000187dfc2bee0 Uncommon trap: trap_request=0xffffff45 fr.pc=0x00000187ae280ebc relative=0x000000000000167c
Event: 198.068 Thread 0x00000187dfc2bee0 Uncommon trap: reason=unstable_if action=reinterpret pc=0x00000187ae280ebc method=org.jetbrains.kotlin.metadata.ProtoBuf$Type.hasOuterType()Z @ 11 c2
Event: 198.068 Thread 0x00000187dfc2bee0 DEOPT PACKING pc=0x00000187ae280ebc sp=0x00000039716faad0
Event: 198.068 Thread 0x00000187dfc2bee0 DEOPT UNPACKING pc=0x00000187ad3669a3 sp=0x00000039716faa10 mode 2
Event: 198.321 Thread 0x00000187dd749fa0 DEOPT PACKING pc=0x000001879ef14f28 sp=0x00000039710fb340
Event: 198.321 Thread 0x00000187dd749fa0 DEOPT UNPACKING pc=0x00000187ad367143 sp=0x00000039710fa850 mode 0
Event: 198.401 Thread 0x00000187e56297e0 DEOPT PACKING pc=0x000001879f85c3a0 sp=0x000000396fbf8a70
Event: 198.401 Thread 0x00000187e56297e0 DEOPT UNPACKING pc=0x00000187ad367143 sp=0x000000396fbf7f18 mode 0
Event: 198.414 Thread 0x00000187e56297e0 DEOPT PACKING pc=0x000001879f844338 sp=0x000000396fbf7b60
Event: 198.414 Thread 0x00000187e56297e0 DEOPT UNPACKING pc=0x00000187ad367143 sp=0x000000396fbf70d0 mode 0
Event: 198.437 Thread 0x00000187e56297e0 Uncommon trap: trap_request=0xffffff45 fr.pc=0x00000187ae3f5cd4 relative=0x00000000000068f4
Event: 198.437 Thread 0x00000187e56297e0 Uncommon trap: reason=unstable_if action=reinterpret pc=0x00000187ae3f5cd4 method=org.jetbrains.org.objectweb.asm.ClassReader.accept(Lorg/jetbrains/org/objectweb/asm/ClassVisitor;[Lorg/jetbrains/org/objectweb/asm/Attribute;I)V @ 286 c2
Event: 198.437 Thread 0x00000187e56297e0 DEOPT PACKING pc=0x00000187ae3f5cd4 sp=0x000000396fbf7c40
Event: 198.437 Thread 0x00000187e56297e0 DEOPT UNPACKING pc=0x00000187ad3669a3 sp=0x000000396fbf7be8 mode 2
Event: 198.491 Thread 0x00000187dd749fa0 DEOPT PACKING pc=0x000001879f62b5a5 sp=0x00000039710faec0
Event: 198.491 Thread 0x00000187dd749fa0 DEOPT UNPACKING pc=0x00000187ad367143 sp=0x00000039710fa390 mode 0

Classes unloaded (5 events):
Event: 159.122 Thread 0x00000187d0d2e630 Unloading class 0x00000008008c0000 'java/lang/invoke/LambdaForm$DMH+0x00000008008c0000'
Event: 159.122 Thread 0x00000187d0d2e630 Unloading class 0x0000000800899000 'java/lang/invoke/LambdaForm$DMH+0x0000000800899000'
Event: 159.122 Thread 0x00000187d0d2e630 Unloading class 0x0000000800898c00 'java/lang/invoke/LambdaForm$DMH+0x0000000800898c00'
Event: 159.122 Thread 0x00000187d0d2e630 Unloading class 0x0000000800898800 'java/lang/invoke/LambdaForm$DMH+0x0000000800898800'
Event: 159.122 Thread 0x00000187d0d2e630 Unloading class 0x0000000800898000 'java/lang/invoke/LambdaForm$DMH+0x0000000800898000'

Classes redefined (0 events):
No events

Internal exceptions (20 events):
Event: 164.553 Thread 0x00000187d86879a0 Implicit null exception at 0x00000187ad90c50f to 0x00000187ad90cc00
Event: 164.553 Thread 0x00000187d86879a0 Implicit null exception at 0x00000187ad981f94 to 0x00000187ad982688
Event: 164.641 Thread 0x00000187d86879a0 Exception <a 'java/lang/NoSuchMethodError'{0x0000000618823008}: 'void java.lang.invoke.DirectMethodHandle$Holder.invokeStatic(java.lang.Object, java.lang.Object, java.lang.Object, java.lang.Object, java.lang.Object, java.lang.Object, java.lang.Object, java.lang.Object)'> (0x0000000618823008) 
thrown [s\src\hotspot\share\interpreter\linkResolver.cpp, line 771]
Event: 164.799 Thread 0x00000187d86879a0 Exception <a 'java/lang/NoSuchMethodError'{0x00000006183a86f8}: 'java.lang.Object java.lang.invoke.DirectMethodHandle$Holder.newInvokeSpecial(java.lang.Object, java.lang.Object, java.lang.Object, java.lang.Object, java.lang.Object, java.lang.Object, int)'> (0x00000006183a86f8) 
thrown [s\src\hotspot\share\interpreter\linkResolver.cpp, line 771]
Event: 164.799 Thread 0x00000187d86879a0 Exception <a 'java/lang/NoSuchMethodError'{0x00000006183ae8f8}: 'java.lang.Object java.lang.invoke.DirectMethodHandle$Holder.invokeSpecial(java.lang.Object, java.lang.Object, java.lang.Object, java.lang.Object, java.lang.Object, java.lang.Object, java.lang.Object, int)'> (0x00000006183ae8f8) 
thrown [s\src\hotspot\share\interpreter\linkResolver.cpp, line 771]
Event: 164.800 Thread 0x00000187d86879a0 Exception <a 'java/lang/NoSuchMethodError'{0x00000006183b4220}: 'java.lang.Object java.lang.invoke.Invokers$Holder.linkToTargetMethod(java.lang.Object, java.lang.Object, java.lang.Object, java.lang.Object, java.lang.Object, int, java.lang.Object)'> (0x00000006183b4220) 
thrown [s\src\hotspot\share\interpreter\linkResolver.cpp, line 771]
Event: 164.910 Thread 0x00000187e5627470 Exception <a 'java/lang/NoSuchMethodError'{0x0000000617435ca8}: 'java.lang.Object java.lang.invoke.DirectMethodHandle$Holder.newInvokeSpecial(java.lang.Object, java.lang.Object, int, java.lang.Object, java.lang.Object)'> (0x0000000617435ca8) 
thrown [s\src\hotspot\share\interpreter\linkResolver.cpp, line 771]
Event: 164.910 Thread 0x00000187e5627470 Exception <a 'java/lang/NoSuchMethodError'{0x0000000617439e10}: 'java.lang.Object java.lang.invoke.DirectMethodHandle$Holder.invokeSpecial(java.lang.Object, java.lang.Object, java.lang.Object, int, java.lang.Object, java.lang.Object)'> (0x0000000617439e10) 
thrown [s\src\hotspot\share\interpreter\linkResolver.cpp, line 771]
Event: 164.994 Thread 0x00000187e56297e0 Exception <a 'java/lang/NoSuchMethodError'{0x00000006168f72f0}: 'void java.lang.invoke.DirectMethodHandle$Holder.invokeSpecial(java.lang.Object, java.lang.Object, java.lang.Object, java.lang.Object, int, java.lang.Object, java.lang.Object)'> (0x00000006168f72f0) 
thrown [s\src\hotspot\share\interpreter\linkResolver.cpp, line 771]
Event: 165.016 Thread 0x00000187e56297e0 Exception <a 'sun/nio/fs/WindowsException'{0x0000000616a9bae0}> (0x0000000616a9bae0) 
thrown [s\src\hotspot\share\prims\jni.cpp, line 531]
Event: 165.017 Thread 0x00000187e56297e0 Exception <a 'sun/nio/fs/WindowsException'{0x0000000616a9d6b8}> (0x0000000616a9d6b8) 
thrown [s\src\hotspot\share\prims\jni.cpp, line 531]
Event: 165.017 Thread 0x00000187e56297e0 Exception <a 'sun/nio/fs/WindowsException'{0x0000000616a9f260}> (0x0000000616a9f260) 
thrown [s\src\hotspot\share\prims\jni.cpp, line 531]
Event: 165.029 Thread 0x00000187e56297e0 Exception <a 'java/lang/NoSuchMethodError'{0x0000000616afda80}: 'int java.lang.invoke.DirectMethodHandle$Holder.invokeSpecial(java.lang.Object, java.lang.Object, java.lang.Object, java.lang.Object, java.lang.Object)'> (0x0000000616afda80) 
thrown [s\src\hotspot\share\interpreter\linkResolver.cpp, line 771]
Event: 165.493 Thread 0x00000187e56297e0 Implicit null exception at 0x00000187adbabcc0 to 0x00000187adbabf58
Event: 165.621 Thread 0x00000187e56297e0 Exception <a 'java/lang/NoSuchMethodError'{0x00000006167c0e18}: 'int java.lang.invoke.DirectMethodHandle$Holder.invokeSpecial(java.lang.Object, java.lang.Object, int)'> (0x00000006167c0e18) 
thrown [s\src\hotspot\share\interpreter\linkResolver.cpp, line 771]
Event: 196.584 Thread 0x00000187e56297e0 Implicit null exception at 0x00000187ae392883 to 0x00000187ae39295c
Event: 196.878 Thread 0x00000187dd749fa0 Implicit null exception at 0x00000187adc74c4c to 0x00000187adc75264
Event: 196.878 Thread 0x00000187dd749fa0 Implicit null exception at 0x00000187aded7397 to 0x00000187aded8038
Event: 196.903 Thread 0x00000187dd74a9c0 Implicit null exception at 0x00000187ad9606ec to 0x00000187ad960f7c
Event: 196.915 Thread 0x00000187dd74a9c0 Implicit null exception at 0x00000187ae15be24 to 0x00000187ae15c3ac

VM Operations (20 events):
Event: 197.505 Executing VM operation: G1CollectForAllocation done
Event: 197.505 Executing VM operation: G1CollectForAllocation
Event: 197.508 Executing VM operation: G1CollectForAllocation done
Event: 197.815 Executing VM operation: G1CollectForAllocation
Event: 197.815 Executing VM operation: G1CollectForAllocation done
Event: 197.815 Executing VM operation: G1CollectForAllocation
Event: 197.819 Executing VM operation: G1CollectForAllocation done
Event: 198.108 Executing VM operation: G1CollectForAllocation
Event: 198.122 Executing VM operation: G1CollectForAllocation done
Event: 198.192 Executing VM operation: HandshakeAllThreads
Event: 198.193 Executing VM operation: HandshakeAllThreads done
Event: 198.333 Executing VM operation: G1PauseRemark
Event: 198.343 Executing VM operation: G1PauseRemark done
Event: 198.434 Executing VM operation: G1PauseCleanup
Event: 198.435 Executing VM operation: G1PauseCleanup done
Event: 198.644 Executing VM operation: G1CollectForAllocation
Event: 198.656 Executing VM operation: G1CollectForAllocation done
Event: 198.667 Executing VM operation: G1CollectForAllocation
Event: 198.667 Executing VM operation: G1CollectForAllocation done
Event: 198.667 Executing VM operation: G1CollectForAllocation

Events (20 events):
Event: 196.975 Thread 0x00000187d3790190 flushing nmethod 0x000001879f640790
Event: 196.975 Thread 0x00000187d3790190 flushing nmethod 0x000001879f641310
Event: 196.975 Thread 0x00000187d3790190 flushing nmethod 0x000001879f641810
Event: 196.975 Thread 0x00000187d3790190 flushing nmethod 0x000001879f648b10
Event: 196.975 Thread 0x00000187d3790190 flushing nmethod 0x000001879f649890
Event: 196.975 Thread 0x00000187d3790190 flushing nmethod 0x000001879f649e10
Event: 196.975 Thread 0x00000187d3790190 flushing nmethod 0x000001879f64d690
Event: 196.975 Thread 0x00000187d3790190 flushing nmethod 0x000001879f654710
Event: 196.975 Thread 0x00000187d3790190 flushing nmethod 0x000001879f663990
Event: 196.975 Thread 0x00000187d3790190 flushing nmethod 0x000001879f66c290
Event: 196.975 Thread 0x00000187d3790190 flushing nmethod 0x000001879f66db10
Event: 196.975 Thread 0x00000187d3790190 flushing nmethod 0x000001879f67b690
Event: 198.221 Thread 0x00000187d3790190 flushing nmethod 0x000001879f623d90
Event: 198.221 Thread 0x00000187d3790190 flushing nmethod 0x000001879f624810
Event: 198.221 Thread 0x00000187d3790190 flushing nmethod 0x000001879f64b290
Event: 198.221 Thread 0x00000187d3790190 flushing nmethod 0x000001879f650490
Event: 198.221 Thread 0x00000187d3790190 flushing nmethod 0x000001879f653090
Event: 198.221 Thread 0x00000187d3790190 flushing nmethod 0x000001879f653990
Event: 198.221 Thread 0x00000187d3790190 flushing nmethod 0x000001879f654010
Event: 198.221 Thread 0x00000187d3790190 flushing nmethod 0x000001879f655010


Dynamic libraries:
0x00007ff78c240000 - 0x00007ff78c24a000 	C:\Program Files\Android\Android Studio\jbr\bin\java.exe
0x00007ffcae6d0000 - 0x00007ffcae8e7000 	C:\WINDOWS\SYSTEM32\ntdll.dll
0x00007ffcad670000 - 0x00007ffcad734000 	C:\WINDOWS\System32\KERNEL32.DLL
0x00007ffcabca0000 - 0x00007ffcac073000 	C:\WINDOWS\System32\KERNELBASE.dll
0x00007ffcab930000 - 0x00007ffcaba41000 	C:\WINDOWS\System32\ucrtbase.dll
0x00007ffc98720000 - 0x00007ffc98737000 	C:\Program Files\Android\Android Studio\jbr\bin\jli.dll
0x00007ffc8ebb0000 - 0x00007ffc8ebcb000 	C:\Program Files\Android\Android Studio\jbr\bin\VCRUNTIME140.dll
0x00007ffcad7a0000 - 0x00007ffcad951000 	C:\WINDOWS\System32\USER32.dll
0x00007ffc92a20000 - 0x00007ffc92cb8000 	C:\WINDOWS\WinSxS\amd64_microsoft.windows.common-controls_6595b64144ccf1df_6.0.22621.5124_none_270e8f4f7386d69d\COMCTL32.dll
0x00007ffcaba50000 - 0x00007ffcaba76000 	C:\WINDOWS\System32\win32u.dll
0x00007ffcad0e0000 - 0x00007ffcad187000 	C:\WINDOWS\System32\msvcrt.dll
0x00007ffcad580000 - 0x00007ffcad5a9000 	C:\WINDOWS\System32\GDI32.dll
0x00007ffcac1e0000 - 0x00007ffcac2fb000 	C:\WINDOWS\System32\gdi32full.dll
0x00007ffcac080000 - 0x00007ffcac11a000 	C:\WINDOWS\System32\msvcp_win.dll
0x00007ffcad960000 - 0x00007ffcad991000 	C:\WINDOWS\System32\IMM32.DLL
0x00007ffc952a0000 - 0x00007ffc952ac000 	C:\Program Files\Android\Android Studio\jbr\bin\vcruntime140_1.dll
0x00007ffc69710000 - 0x00007ffc6979d000 	C:\Program Files\Android\Android Studio\jbr\bin\msvcp140.dll
0x00007ffc60da0000 - 0x00007ffc61a23000 	C:\Program Files\Android\Android Studio\jbr\bin\server\jvm.dll
0x00007ffcada20000 - 0x00007ffcadad1000 	C:\WINDOWS\System32\ADVAPI32.dll
0x00007ffcad5b0000 - 0x00007ffcad658000 	C:\WINDOWS\System32\sechost.dll
0x00007ffcabc70000 - 0x00007ffcabc98000 	C:\WINDOWS\System32\bcrypt.dll
0x00007ffcad280000 - 0x00007ffcad394000 	C:\WINDOWS\System32\RPCRT4.dll
0x00007ffcaa640000 - 0x00007ffcaa68d000 	C:\WINDOWS\SYSTEM32\POWRPROF.dll
0x00007ffc8ebd0000 - 0x00007ffc8ebd9000 	C:\WINDOWS\SYSTEM32\WSOCK32.dll
0x00007ffca4a30000 - 0x00007ffca4a64000 	C:\WINDOWS\SYSTEM32\WINMM.dll
0x00007ffcad9a0000 - 0x00007ffcada11000 	C:\WINDOWS\System32\WS2_32.dll
0x00007ffca3d50000 - 0x00007ffca3d5a000 	C:\WINDOWS\SYSTEM32\VERSION.dll
0x00007ffcaa620000 - 0x00007ffcaa633000 	C:\WINDOWS\SYSTEM32\UMPDC.dll
0x00007ffcaa8d0000 - 0x00007ffcaa8e8000 	C:\WINDOWS\SYSTEM32\kernel.appcore.dll
0x00007ffca7b80000 - 0x00007ffca7b8a000 	C:\Program Files\Android\Android Studio\jbr\bin\jimage.dll
0x00007ffc93180000 - 0x00007ffc933b2000 	C:\WINDOWS\SYSTEM32\DBGHELP.DLL
0x00007ffcadcb0000 - 0x00007ffcae042000 	C:\WINDOWS\System32\combase.dll
0x00007ffcad190000 - 0x00007ffcad267000 	C:\WINDOWS\System32\OLEAUT32.dll
0x00007ffc929e0000 - 0x00007ffc92a12000 	C:\WINDOWS\SYSTEM32\dbgcore.DLL
0x00007ffcac300000 - 0x00007ffcac37b000 	C:\WINDOWS\System32\bcryptPrimitives.dll
0x00007ffc9e880000 - 0x00007ffc9e88e000 	C:\Program Files\Android\Android Studio\jbr\bin\instrument.dll
0x00007ffc99fc0000 - 0x00007ffc99fe5000 	C:\Program Files\Android\Android Studio\jbr\bin\java.dll
0x00007ffc9a050000 - 0x00007ffc9a068000 	C:\Program Files\Android\Android Studio\jbr\bin\zip.dll
0x00007ffcac840000 - 0x00007ffcad0d6000 	C:\WINDOWS\System32\SHELL32.dll
0x00007ffcab7f0000 - 0x00007ffcab92f000 	C:\WINDOWS\System32\wintypes.dll
0x00007ffca96e0000 - 0x00007ffca9ffa000 	C:\WINDOWS\SYSTEM32\windows.storage.dll
0x00007ffcad410000 - 0x00007ffcad51a000 	C:\WINDOWS\System32\SHCORE.dll
0x00007ffcac7d0000 - 0x00007ffcac833000 	C:\WINDOWS\System32\shlwapi.dll
0x00007ffcab720000 - 0x00007ffcab74b000 	C:\WINDOWS\SYSTEM32\profapi.dll
0x00007ffc99190000 - 0x00007ffc991a9000 	C:\Program Files\Android\Android Studio\jbr\bin\net.dll
0x00007ffca4780000 - 0x00007ffca48ac000 	C:\WINDOWS\SYSTEM32\WINHTTP.dll
0x00007ffcaad40000 - 0x00007ffcaadaa000 	C:\WINDOWS\system32\mswsock.dll
0x00007ffc99170000 - 0x00007ffc99186000 	C:\Program Files\Android\Android Studio\jbr\bin\nio.dll
0x00007ffca06e0000 - 0x00007ffca06f0000 	C:\Program Files\Android\Android Studio\jbr\bin\verify.dll
0x00007ffc79090000 - 0x00007ffc790b7000 	C:\Users\Motaz\.gradle\native\c067742578af261105cb4f569cf0c3c89f3d7b1fecec35dd04571415982c5e48\windows-amd64\native-platform.dll
0x00007ffc61c90000 - 0x00007ffc61dd4000 	C:\Users\Motaz\.gradle\native\100fb08df4bc3b14c8652ba06237920a3bd2aa13389f12d3474272988ae205f9\windows-amd64\native-platform-file-events.dll
0x00007ffca7340000 - 0x00007ffca7349000 	C:\Program Files\Android\Android Studio\jbr\bin\management.dll
0x00007ffca33b0000 - 0x00007ffca33bb000 	C:\Program Files\Android\Android Studio\jbr\bin\management_ext.dll
0x00007ffcad660000 - 0x00007ffcad668000 	C:\WINDOWS\System32\PSAPI.DLL
0x00007ffcab090000 - 0x00007ffcab0ab000 	C:\WINDOWS\SYSTEM32\CRYPTSP.dll
0x00007ffcaa830000 - 0x00007ffcaa867000 	C:\WINDOWS\system32\rsaenh.dll
0x00007ffcaade0000 - 0x00007ffcaae08000 	C:\WINDOWS\SYSTEM32\USERENV.dll
0x00007ffcab070000 - 0x00007ffcab07c000 	C:\WINDOWS\SYSTEM32\CRYPTBASE.dll
0x00007ffcaa310000 - 0x00007ffcaa33d000 	C:\WINDOWS\SYSTEM32\IPHLPAPI.DLL
0x00007ffcad570000 - 0x00007ffcad579000 	C:\WINDOWS\System32\NSI.dll
0x00007ffca52d0000 - 0x00007ffca52e9000 	C:\WINDOWS\SYSTEM32\dhcpcsvc6.DLL
0x00007ffca4540000 - 0x00007ffca455f000 	C:\WINDOWS\SYSTEM32\dhcpcsvc.DLL
0x00007ffcaa390000 - 0x00007ffcaa492000 	C:\WINDOWS\SYSTEM32\DNSAPI.dll
0x00007ffca7b70000 - 0x00007ffca7b79000 	C:\Program Files\Android\Android Studio\jbr\bin\extnet.dll
0x00007ffc80fb0000 - 0x00007ffc80fb8000 	C:\WINDOWS\system32\wshunix.dll
0x0000000064110000 - 0x0000000064136000 	C:\Program Files\Bonjour\mdnsNSP.dll
0x00007ffca52c0000 - 0x00007ffca52ca000 	C:\Windows\System32\rasadhlp.dll
0x00007ffca3770000 - 0x00007ffca37f3000 	C:\WINDOWS\System32\fwpuclnt.dll
0x00007ffc89670000 - 0x00007ffc89687000 	C:\WINDOWS\system32\napinsp.dll
0x00007ffc89650000 - 0x00007ffc8966b000 	C:\WINDOWS\system32\pnrpnsp.dll
0x00007ffc89630000 - 0x00007ffc89641000 	C:\WINDOWS\System32\winrnr.dll
0x00007ffca3820000 - 0x00007ffca3835000 	C:\WINDOWS\system32\wshbth.dll
0x00007ffc86880000 - 0x00007ffc868a7000 	C:\WINDOWS\system32\nlansp_c.dll

dbghelp: loaded successfully - version: 4.0.5 - missing functions: none
symbol engine: initialized successfully - sym options: 0x614 - pdb path: .;C:\Program Files\Android\Android Studio\jbr\bin;C:\WINDOWS\SYSTEM32;C:\WINDOWS\WinSxS\amd64_microsoft.windows.common-controls_6595b64144ccf1df_6.0.22621.5124_none_270e8f4f7386d69d;C:\Program Files\Android\Android Studio\jbr\bin\server;C:\Users\Motaz\.gradle\native\c067742578af261105cb4f569cf0c3c89f3d7b1fecec35dd04571415982c5e48\windows-amd64;C:\Users\Motaz\.gradle\native\100fb08df4bc3b14c8652ba06237920a3bd2aa13389f12d3474272988ae205f9\windows-amd64;C:\Program Files\Bonjour

VM Arguments:
jvm_args: -XX:MaxMetaspaceSize=4G -XX:ReservedCodeCacheSize=512m -XX:+HeapDumpOnOutOfMemoryError --add-opens=java.base/java.util=ALL-UNNAMED --add-opens=java.base/java.lang=ALL-UNNAMED --add-opens=java.base/java.lang.invoke=ALL-UNNAMED --add-opens=java.prefs/java.util.prefs=ALL-UNNAMED --add-exports=jdk.compiler/com.sun.tools.javac.api=ALL-UNNAMED --add-exports=jdk.compiler/com.sun.tools.javac.util=ALL-UNNAMED --add-opens=java.base/java.nio.charset=ALL-UNNAMED --add-opens=java.base/java.net=ALL-UNNAMED --add-opens=java.base/java.util.concurrent.atomic=ALL-UNNAMED -Xmx8G -Dfile.encoding=windows-1252 -Duser.country=FR -Duser.language=fr -Duser.variant -javaagent:C:\Users\Motaz\.gradle\wrapper\dists\gradle-8.10.2-all\7iv73wktx1xtkvlq19urqw1wm\gradle-8.10.2\lib\agents\gradle-instrumentation-agent-8.10.2.jar 
java_command: org.gradle.launcher.daemon.bootstrap.GradleDaemon 8.10.2
java_class_path (initial): C:\Users\Motaz\.gradle\wrapper\dists\gradle-8.10.2-all\7iv73wktx1xtkvlq19urqw1wm\gradle-8.10.2\lib\gradle-daemon-main-8.10.2.jar
Launcher Type: SUN_STANDARD

[Global flags]
     intx CICompilerCount                          = 4                                         {product} {ergonomic}
     uint ConcGCThreads                            = 2                                         {product} {ergonomic}
     uint G1ConcRefinementThreads                  = 8                                         {product} {ergonomic}
   size_t G1HeapRegionSize                         = 4194304                                   {product} {ergonomic}
    uintx GCDrainStackTargetSize                   = 64                                        {product} {ergonomic}
     bool HeapDumpOnOutOfMemoryError               = true                                   {manageable} {command line}
   size_t InitialHeapSize                          = 268435456                                 {product} {ergonomic}
   size_t MarkStackSize                            = 4194304                                   {product} {ergonomic}
   size_t MaxHeapSize                              = 8589934592                                {product} {command line}
   size_t MaxMetaspaceSize                         = 4294967296                                {product} {command line}
   size_t MaxNewSize                               = 5150605312                                {product} {ergonomic}
   size_t MinHeapDeltaBytes                        = 4194304                                   {product} {ergonomic}
   size_t MinHeapSize                              = 8388608                                   {product} {ergonomic}
    uintx NonNMethodCodeHeapSize                   = 5839372                                {pd product} {ergonomic}
    uintx NonProfiledCodeHeapSize                  = 265515770                              {pd product} {ergonomic}
    uintx ProfiledCodeHeapSize                     = 265515770                              {pd product} {ergonomic}
    uintx ReservedCodeCacheSize                    = 536870912                              {pd product} {command line}
     bool SegmentedCodeCache                       = true                                      {product} {ergonomic}
   size_t SoftMaxHeapSize                          = 8589934592                             {manageable} {ergonomic}
   double SweeperThreshold                         = 0.234375                                  {product} {ergonomic}
     bool UseCompressedClassPointers               = true                           {product lp64_product} {ergonomic}
     bool UseCompressedOops                        = true                           {product lp64_product} {ergonomic}
     bool UseG1GC                                  = true                                      {product} {ergonomic}
     bool UseLargePagesIndividualAllocation        = false                                  {pd product} {ergonomic}

Logging:
Log output configuration:
 #0: stdout all=warning uptime,level,tags
 #1: stderr all=off uptime,level,tags

Environment Variables:
JAVA_HOME=C:\Program Files\Android\Android Studio\jbr
CLASSPATH=C:\Users\Motaz\mm Dropbox\Motaz Sammoud\PC\Desktop\pim\Pim-main\android\\gradle\wrapper\gradle-wrapper.jar
PATH=C:\Program Files\Android\Android Studio\jbr\bin;C:\Program Files (x86)\VMware\VMware Workstation\bin\;C:\Program Files\Common Files\Oracle\Java\javapath;C:\Python312\Scripts\;C:\Python312\;C:\WINDOWS\system32;C:\WINDOWS;C:\WINDOWS\System32\Wbem;C:\WINDOWS\System32\WindowsPowerShell\v1.0\;C:\WINDOWS\System32\OpenSSH\;C:\wamp64\bin\php\php7.4.33;C:\Program Files\Git\cmd;C:\Program Files\Git\mingw64\bin;C:\Program Files\Git\usr\bin;C:\Program Files (x86)\php-8.2.3-Win32-vs16-x64;C:\composer;C:\xampp\php;C:\Users\Motaz\AppData\Local\Pub\Cache\bin;C:\Users\Motaz\AppData\Local\Pub\Cache\bin;C:\Users\Motaz\scoop\shims;C:\Users\Motaz\AppData\Local\Microsoft\WindowsApps;C:\Users\Motaz\AppData\Local\Programs\Microsoft VS Code\bin;C:\Users\Motaz\AppData\Roaming\Composer\vendor\bin;C:\Program Files\JetBrains\PhpStorm 2022.3.2\bin;C:\src\flutter\flutter\bin;C:\Users\Motaz\AppData\Roaming\npm;C:\Users\Motaz\mm Dropbox\Motaz Sammoud\PC\Downloads\firebase-tools-instant-win.exe;C:\adb;C:\Program Files\nodejs\;C:\Program Files\MongoDB\Server\7.0\bin;C:\mongosh-2.0.2-win32-x64\bin;C:\Program Files\Docker\Docker\resources\bin;C:\Program Files\Microsoft SQL Server\150\Tools\Binn\;C:\Program Files\dotnet\;C:\Program Files\Amazon\AWSCLIV2\;C:\Program Files\PuTTY\;C:\ProgramData\chocolatey\bin;C:\Program Files\MongoDB\Server\8.0\bin;C:\Program Files\Java\jdk-17\bin;C:\php-8.4.4-src;C:\Program Files\Microsoft SQL Server\Client SDK\ODBC\170\Tools\Binn\;C:\Users\Motaz\scoop\shims;C:\Users\Motaz\AppData\Local\Microsoft\WindowsApps;C:\Users\Motaz\AppData\Roaming\Composer\vendor\bin;C:\Program Files\JetBrains\PhpStorm 2022.3.2\bin;C:\src\flutter\flutter\bin;C:\Users\Motaz\AppData\Local\Pub\Cache\bin;C:\Users\Motaz\mm Dropbox\Motaz Sammoud\PC\Downloads\firebase-tools-instant-win.exe;C:\Program Files\Java\jdk-17\bin;C:\Users\Motaz\AppData\Roaming\npm;C:\flutter;%kiki%bin;C:\Users\Motaz\mm Dropbox\Motaz Sammoud\PC\Downloads\chocolatey.2.3.0.nupkg;C:\ProgramData\chocolatey\lib\python\tools;C:\Prog
USERNAME=Motaz
OS=Windows_NT
PROCESSOR_IDENTIFIER=Intel64 Family 6 Model 165 Stepping 2, GenuineIntel
TMP=C:\Users\Motaz\AppData\Local\Temp
TEMP=C:\Users\Motaz\AppData\Local\Temp



Periodic native trim disabled

JNI global refs:
JNI global refs: 30, weak refs: 43

JNI global refs memory usage: 843, weak refs: 1473

Process memory usage:
Resident Set Size: 1092892K (6% of 16591048K total physical memory with 1372536K free physical memory)

OOME stack traces (most recent first):
Classloader memory used:
Loader org.gradle.internal.classloader.VisitableURLClassLoader                         : 12741K
Loader bootstrap                                                                       : 3651K
Loader org.gradle.initialization.MixInLegacyTypesClassLoader                           : 1668K
Loader org.gradle.internal.classloader.VisitableURLClassLoader$InstrumentingVisitableURLClassLoader: 1038K
Loader jdk.internal.loader.ClassLoaders$PlatformClassLoader                            : 102K
Loader jdk.internal.reflect.DelegatingClassLoader                                      : 43954B
Loader jdk.internal.jrtfs.JrtFileSystemProvider$JrtFsLoader                            : 40990B
Loader jdk.internal.loader.ClassLoaders$AppClassLoader                                 : 29267B
Loader org.gradle.internal.classloader.VisitableURLClassLoader                         : 12039B
Loader sun.reflect.misc.MethodUtil                                                     : 373B

Classes loaded by more than one classloader:
Class Program                                                                         : loaded 4 times (x 70B)
Class org.gradle.internal.installation.GradleInstallation                             : loaded 2 times (x 73B)
Class org.jetbrains.kotlin.metadata.jvm.deserialization.UtfEncodingKt                 : loaded 2 times (x 69B)
Class org.jetbrains.kotlin.metadata.jvm.deserialization.JvmMemberSignature$Method     : loaded 2 times (x 73B)
Class org.jetbrains.kotlin.metadata.ProtoBuf$ValueParameter$1                         : loaded 2 times (x 142B)
Class org.jetbrains.kotlin.metadata.ProtoBuf$TypeTable                                : loaded 2 times (x 107B)
Class [Lorg.jetbrains.org.objectweb.asm.AnnotationWriter;                             : loaded 2 times (x 67B)
Class [Lorg.jetbrains.org.objectweb.asm.Label;                                        : loaded 2 times (x 67B)
Class org.jetbrains.kotlin.metadata.ProtoBuf$Effect                                   : loaded 2 times (x 111B)
Class org.jetbrains.kotlin.protobuf.GeneratedMessageLite$GeneratedExtension           : loaded 2 times (x 77B)
Class org.gradle.internal.classpath.ClassPath                                         : loaded 2 times (x 68B)
Class org.gradle.api.internal.classpath.DefaultModuleRegistry                         : loaded 2 times (x 84B)
Class Settings_gradle$1$1                                                             : loaded 2 times (x 72B)
Class org.jetbrains.kotlin.metadata.jvm.deserialization.JvmNameResolverBase$WhenMappings: loaded 2 times (x 69B)
Class org.jetbrains.kotlin.protobuf.GeneratedMessageLite$ExtendableBuilder            : loaded 2 times (x 136B)
Class org.jetbrains.kotlin.descriptors.Visibilities$InvisibleFake                     : loaded 2 times (x 77B)
Class jdk.internal.jimage.BasicImageReader$1                                          : loaded 2 times (x 75B)
Class org.jetbrains.kotlin.metadata.ProtoBuf$Effect$EffectType$1                      : loaded 2 times (x 72B)
Class org.jetbrains.kotlin.metadata.ProtoBuf$Modality                                 : loaded 2 times (x 80B)
Class org.gradle.api.Action                                                           : loaded 2 times (x 68B)
Class org.jetbrains.org.objectweb.asm.Opcodes                                         : loaded 2 times (x 68B)
Class org.jetbrains.org.objectweb.asm.MethodTooLargeException                         : loaded 2 times (x 81B)
Class org.jetbrains.kotlin.metadata.jvm.deserialization.JvmMetadataVersion$Companion  : loaded 2 times (x 69B)
Class org.jetbrains.kotlin.protobuf.FieldSet$FieldDescriptorLite                      : loaded 2 times (x 68B)
Class org.jetbrains.org.objectweb.asm.tree.FrameNode                                  : loaded 2 times (x 77B)
Class org.jetbrains.kotlin.metadata.ProtoBuf$Annotation$Argument$Value                : loaded 2 times (x 125B)
Class org.jetbrains.org.objectweb.asm.AnnotationWriter                                : loaded 2 times (x 76B)
Class org.jetbrains.org.objectweb.asm.tree.InsnNode                                   : loaded 2 times (x 76B)
Class [Lorg.jetbrains.kotlin.metadata.ProtoBuf$Type$Argument$Projection;              : loaded 2 times (x 67B)
Class org.jetbrains.org.objectweb.asm.tree.MultiANewArrayInsnNode                     : loaded 2 times (x 77B)
Class jdk.internal.jimage.ImageBufferCache$1                                          : loaded 2 times (x 78B)
Class org.jetbrains.kotlin.protobuf.SmallSortedMap$1                                  : loaded 2 times (x 128B)
Class org.jetbrains.kotlin.load.kotlin.FileBasedKotlinClass$1                         : loaded 2 times (x 85B)
Class jdk.internal.jimage.ImageBufferCache$2                                          : loaded 2 times (x 89B)
Class org.jetbrains.kotlin.load.kotlin.FileBasedKotlinClass$2                         : loaded 2 times (x 85B)
Class org.jetbrains.kotlin.load.kotlin.FileBasedKotlinClass$3                         : loaded 2 times (x 75B)
Class [Lorg.jetbrains.org.objectweb.asm.SymbolTable$Entry;                            : loaded 2 times (x 67B)
Class org.jetbrains.kotlin.load.kotlin.FileBasedKotlinClass$4                         : loaded 2 times (x 85B)
Class org.jetbrains.kotlin.metadata.jvm.JvmProtoBuf$StringTableTypesOrBuilder         : loaded 2 times (x 68B)
Class org.jetbrains.kotlin.metadata.jvm.JvmProtoBuf$JvmPropertySignature$1            : loaded 2 times (x 142B)
Class org.jetbrains.org.objectweb.asm.tree.TableSwitchInsnNode                        : loaded 2 times (x 77B)
Class org.gradle.api.internal.DefaultClassPathProvider                                : loaded 2 times (x 74B)
Class org.gradle.internal.installation.GradleInstallation$1                           : loaded 2 times (x 73B)
Class jdk.internal.jrtfs.SystemImage$1                                                : loaded 2 times (x 76B)
Class jdk.internal.jrtfs.SystemImage$2                                                : loaded 2 times (x 74B)
Class org.jetbrains.kotlin.load.kotlin.FileBasedKotlinClass$InnerClassesInfo          : loaded 2 times (x 72B)
Class org.jetbrains.kotlin.name.FqNameUnsafe                                          : loaded 2 times (x 70B)
Class org.jetbrains.kotlin.metadata.ProtoBuf$TypeParameter$Variance$1                 : loaded 2 times (x 72B)
Class org.jetbrains.org.objectweb.asm.tree.MethodNode                                 : loaded 2 times (x 107B)
Class org.jetbrains.kotlin.descriptors.DescriptorVisibilities$1                       : loaded 2 times (x 76B)
Class org.jetbrains.kotlin.descriptors.DescriptorVisibilities$2                       : loaded 2 times (x 76B)
Class org.jetbrains.kotlin.descriptors.DescriptorVisibilities$3                       : loaded 2 times (x 76B)
Class org.jetbrains.kotlin.descriptors.DescriptorVisibilities$4                       : loaded 2 times (x 76B)
Class org.jetbrains.kotlin.descriptors.DescriptorVisibilities$5                       : loaded 2 times (x 76B)
Class org.jetbrains.kotlin.descriptors.DescriptorVisibilities$6                       : loaded 2 times (x 76B)
Class org.jetbrains.kotlin.descriptors.DescriptorVisibilities$7                       : loaded 2 times (x 76B)
Class org.jetbrains.kotlin.descriptors.DescriptorVisibilities$8                       : loaded 2 times (x 76B)
Class org.jetbrains.kotlin.descriptors.DescriptorVisibilities$9                       : loaded 2 times (x 76B)
Class org.jetbrains.kotlin.metadata.ProtoBuf$Annotation$ArgumentOrBuilder             : loaded 2 times (x 68B)
Class org.jetbrains.kotlin.metadata.jvm.JvmProtoBuf                                   : loaded 2 times (x 69B)
Class org.jetbrains.org.objectweb.asm.MethodWriter                                    : loaded 2 times (x 103B)
Class [Lorg.jetbrains.kotlin.protobuf.Internal$EnumLite;                              : loaded 2 times (x 67B)
Class org.jetbrains.kotlin.serialization.deserialization.ProtoEnumFlagsUtilsKt$WhenMappings: loaded 2 times (x 69B)
Class org.jetbrains.kotlin.protobuf.WireFormat                                        : loaded 2 times (x 69B)
Class org.jetbrains.kotlin.utils.CollectionsKt                                        : loaded 2 times (x 69B)
Class org.gradle.internal.classloader.FilteringClassLoader                            : loaded 2 times (x 103B)
Class org.jetbrains.org.objectweb.asm.TypeReference                                   : loaded 2 times (x 78B)
Class [Lorg.jetbrains.kotlin.metadata.ProtoBuf$VersionRequirement$Level;              : loaded 2 times (x 67B)
Class org.jetbrains.kotlin.resolve.jvm.JvmClassName                                   : loaded 2 times (x 74B)
Class jdk.internal.jimage.ImageReader$Resource                                        : loaded 2 times (x 82B)
Class org.jetbrains.kotlin.metadata.jvm.JvmProtoBuf$StringTableTypes$Record           : loaded 2 times (x 117B)
Class jdk.internal.jrtfs.SystemImage                                                  : loaded 2 times (x 72B)
Class org.gradle.internal.classpath.DefaultClassPath$ImmutableUniqueList$Builder      : loaded 2 times (x 73B)
Class org.jetbrains.kotlin.descriptors.Visibilities$Unknown                           : loaded 2 times (x 77B)
Class org.jetbrains.kotlin.protobuf.GeneratedMessageLite$ExtendableMessage            : loaded 2 times (x 111B)
Class org.jetbrains.org.objectweb.asm.Handler                                         : loaded 2 times (x 70B)
Class org.jetbrains.org.objectweb.asm.tree.UnsupportedClassVersionException           : loaded 2 times (x 80B)
Class org.jetbrains.kotlin.metadata.ProtoBuf$Constructor                              : loaded 2 times (x 122B)
Class org.jetbrains.org.objectweb.asm.tree.LdcInsnNode                                : loaded 2 times (x 76B)
Class jdk.internal.jrtfs.JrtDirectoryStream$1                                         : loaded 2 times (x 81B)
Class org.gradle.internal.classloader.ClassLoaderVisitor                              : loaded 2 times (x 74B)
Class org.jetbrains.kotlin.name.ClassId                                               : loaded 2 times (x 70B)
Class [Lorg.jetbrains.org.objectweb.asm.AnnotationVisitor;                            : loaded 2 times (x 67B)
Class org.jetbrains.kotlin.metadata.ProtoBuf$TypeAliasOrBuilder                       : loaded 2 times (x 68B)
Class org.jetbrains.kotlin.protobuf.ByteString$ByteIterator                           : loaded 2 times (x 68B)
Class org.jetbrains.kotlin.cli.common.CompilerSystemProperties                        : loaded 2 times (x 78B)
Class [Lorg.jetbrains.kotlin.metadata.ProtoBuf$VersionRequirement$VersionKind;        : loaded 2 times (x 67B)
Class org.jetbrains.org.objectweb.asm.Frame                                           : loaded 2 times (x 71B)
Class org.gradle.internal.service.DefaultServiceLocator                               : loaded 2 times (x 81B)
Class org.jetbrains.kotlin.protobuf.SmallSortedMap$EmptySet$1                         : loaded 2 times (x 76B)
Class org.jetbrains.kotlin.protobuf.SmallSortedMap$EmptySet$2                         : loaded 2 times (x 76B)
Class org.gradle.internal.service.UnknownServiceException                             : loaded 2 times (x 81B)
Class org.jetbrains.kotlin.protobuf.MessageLite                                       : loaded 2 times (x 68B)
Class org.jetbrains.kotlin.metadata.ProtoBuf$EffectOrBuilder                          : loaded 2 times (x 68B)
Class org.jetbrains.kotlin.load.kotlin.KotlinJvmBinaryClass$AnnotationArrayArgumentVisitor: loaded 2 times (x 68B)
Class org.jetbrains.kotlin.load.kotlin.KotlinJvmBinaryClass                           : loaded 2 times (x 68B)
Class org.gradle.internal.classloader.DefaultClassLoaderFactory                       : loaded 2 times (x 80B)
Class jdk.internal.jimage.ImageReader$SharedImageReader                               : loaded 2 times (x 93B)
Class org.jetbrains.org.objectweb.asm.tree.LocalVariableNode                          : loaded 2 times (x 71B)
Class org.jetbrains.kotlin.descriptors.DescriptorVisibilities                         : loaded 2 times (x 69B)
Class org.jetbrains.kotlin.metadata.ProtoBuf$EnumEntry$1                              : loaded 2 times (x 142B)
Class org.jetbrains.org.objectweb.asm.RecordComponentVisitor                          : loaded 2 times (x 75B)
Class org.jetbrains.kotlin.metadata.jvm.deserialization.JvmNameResolverKt             : loaded 2 times (x 69B)
Class org.jetbrains.kotlin.metadata.ProtoBuf$TypeTable$1                              : loaded 2 times (x 142B)
Class org.jetbrains.kotlin.protobuf.Internal$EnumLite                                 : loaded 2 times (x 68B)
Class jdk.internal.jimage.decompressor.ZipDecompressorFactory                         : loaded 2 times (x 72B)
Class org.jetbrains.kotlin.protobuf.AbstractMessageLite$Builder$LimitedInputStream    : loaded 2 times (x 90B)
Class org.jetbrains.org.objectweb.asm.ClassTooLargeException                          : loaded 2 times (x 81B)
Class [Lorg.jetbrains.org.objectweb.asm.Attribute;                                    : loaded 2 times (x 67B)
Class org.jetbrains.kotlin.metadata.ProtoBuf$TypeTableOrBuilder                       : loaded 2 times (x 68B)
Class org.jetbrains.kotlin.protobuf.CodedInputStream                                  : loaded 2 times (x 70B)
Class org.gradle.internal.classloader.VisitableURLClassLoader$Spec                    : loaded 2 times (x 72B)
Class org.gradle.api.GradleException                                                  : loaded 2 times (x 80B)
Class org.gradle.api.internal.classpath.ModuleRegistry                                : loaded 2 times (x 68B)
Class org.jetbrains.kotlin.resolve.scopes.receivers.Receiver                          : loaded 2 times (x 68B)
Class org.jetbrains.kotlin.metadata.deserialization.BinaryVersion                     : loaded 2 times (x 72B)
Class org.jetbrains.kotlin.load.kotlin.FileBasedKotlinClass$3$1                       : loaded 2 times (x 75B)
Class org.jetbrains.kotlin.metadata.jvm.JvmProtoBuf$StringTableTypes$Record$1         : loaded 2 times (x 142B)
Class org.jetbrains.kotlin.name.FqName                                                : loaded 2 times (x 70B)
Class org.gradle.api.internal.ClassPathProvider                                       : loaded 2 times (x 68B)
Class org.jetbrains.kotlin.metadata.ProtoBuf$VersionRequirement$Level                 : loaded 2 times (x 80B)
Class org.jetbrains.kotlin.metadata.ProtoBuf$Annotation$Argument$Value$Type$1         : loaded 2 times (x 72B)
Class org.jetbrains.kotlin.serialization.deserialization.ProtoEnumFlagsUtilsKt        : loaded 2 times (x 69B)
Class [Lorg.jetbrains.kotlin.metadata.ProtoBuf$Visibility;                            : loaded 2 times (x 67B)
Class org.gradle.internal.classloader.ClasspathUtil$1                                 : loaded 2 times (x 74B)
Class org.jetbrains.kotlin.metadata.ProtoBuf$VersionRequirement$VersionKind           : loaded 2 times (x 80B)
Class org.jetbrains.kotlin.protobuf.LazyFieldLite                                     : loaded 2 times (x 80B)
Class org.jetbrains.kotlin.metadata.ProtoBuf$Function                                 : loaded 2 times (x 147B)
Class org.jetbrains.kotlin.metadata.ProtoBuf$Annotation$Argument$ValueOrBuilder       : loaded 2 times (x 68B)
Class org.jetbrains.kotlin.metadata.ProtoBuf$MemberKind$1                             : loaded 2 times (x 72B)
Class org.jetbrains.kotlin.metadata.ProtoBuf$Contract$1                               : loaded 2 times (x 142B)
Class org.jetbrains.kotlin.metadata.ProtoBuf$Property$1                               : loaded 2 times (x 142B)
Class org.jetbrains.kotlin.protobuf.GeneratedMessageLite$ExtensionDescriptor          : loaded 2 times (x 82B)
Class org.jetbrains.kotlin.resolve.scopes.receivers.ReceiverValue                     : loaded 2 times (x 68B)
Class org.gradle.internal.classloader.ClassLoaderFactory                              : loaded 2 times (x 68B)
Class jdk.internal.jimage.ImageHeader                                                 : loaded 2 times (x 69B)
Class org.gradle.api.internal.classpath.ManifestUtil                                  : loaded 2 times (x 69B)
Class org.gradle.api.specs.Spec                                                       : loaded 2 times (x 68B)
Class [Lorg.jetbrains.kotlin.descriptors.CallableMemberDescriptor$Kind;               : loaded 2 times (x 67B)
Class org.jetbrains.kotlin.metadata.jvm.deserialization.JvmNameResolverBase$Companion : loaded 2 times (x 69B)
Class org.jetbrains.org.objectweb.asm.tree.InvokeDynamicInsnNode                      : loaded 2 times (x 76B)
Class org.jetbrains.kotlin.metadata.ProtoBuf$Expression$ConstantValue$1               : loaded 2 times (x 72B)
Class org.jetbrains.kotlin.metadata.ProtoBuf$MemberKind                               : loaded 2 times (x 80B)
Class org.jetbrains.org.objectweb.asm.ClassWriter                                     : loaded 2 times (x 102B)
Class org.jetbrains.kotlin.descriptors.DeclarationDescriptor                          : loaded 2 times (x 68B)
Class org.jetbrains.kotlin.protobuf.RopeByteString                                    : loaded 2 times (x 108B)
Class org.gradle.internal.IoActions                                                   : loaded 2 times (x 69B)
Class org.jetbrains.kotlin.metadata.ProtoBuf$Type$Argument$Projection                 : loaded 2 times (x 80B)
Class org.jetbrains.kotlin.metadata.deserialization.Flags$BooleanFlagField            : loaded 2 times (x 74B)
Class org.jetbrains.kotlin.metadata.ProtoBuf$TypeParameter$1                          : loaded 2 times (x 142B)
Class jdk.internal.jimage.decompressor.StringSharingDecompressorFactory               : loaded 2 times (x 72B)
Class org.jetbrains.org.objectweb.asm.tree.TypeAnnotationNode                         : loaded 2 times (x 78B)
Class org.jetbrains.kotlin.metadata.ProtoBuf$Annotation$Argument$Value$Type           : loaded 2 times (x 80B)
Class [Lorg.jetbrains.kotlin.load.kotlin.header.KotlinClassHeader$Kind;               : loaded 2 times (x 67B)
Class org.jetbrains.org.objectweb.asm.AnnotationVisitor                               : loaded 2 times (x 75B)
Class org.gradle.api.internal.classpath.EffectiveClassPath                            : loaded 2 times (x 88B)
Class org.jetbrains.org.objectweb.asm.tree.TypeInsnNode                               : loaded 2 times (x 77B)
Class org.gradle.internal.installation.CurrentGradleInstallation                      : loaded 2 times (x 71B)
Class org.gradle.internal.installation.CurrentGradleInstallationLocator               : loaded 2 times (x 69B)
Class org.jetbrains.kotlin.metadata.ProtoBuf$VersionRequirement$Level$1               : loaded 2 times (x 72B)
Class org.gradle.api.internal.classpath.Module                                        : loaded 2 times (x 68B)
Class org.jetbrains.org.objectweb.asm.ClassReader                                     : loaded 2 times (x 90B)
Class org.jetbrains.kotlin.protobuf.CodedOutputStream$ByteBufferOutputStream          : loaded 2 times (x 84B)
Class org.gradle.internal.service.CachingServiceLocator                               : loaded 2 times (x 80B)
Class org.jetbrains.kotlin.descriptors.DescriptorVisibility                           : loaded 2 times (x 75B)
Class org.jetbrains.org.objectweb.asm.ModuleWriter                                    : loaded 2 times (x 79B)
Class org.jetbrains.kotlin.metadata.ProtoBuf$Type$Argument$Projection$1               : loaded 2 times (x 72B)
Class org.gradle.internal.classpath.DefaultClassPath                                  : loaded 2 times (x 88B)
Class org.jetbrains.kotlin.descriptors.CallableMemberDescriptor$Kind                  : loaded 2 times (x 77B)
Class org.jetbrains.kotlin.metadata.jvm.deserialization.JvmNameResolverBase           : loaded 2 times (x 78B)
Class org.jetbrains.kotlin.descriptors.Visibilities$Private                           : loaded 2 times (x 77B)
Class [Lorg.jetbrains.kotlin.metadata.ProtoBuf$Annotation$Argument$Value$Type;        : loaded 2 times (x 67B)
Class org.jetbrains.org.objectweb.asm.FieldVisitor                                    : loaded 2 times (x 74B)
Class [Lorg.jetbrains.org.objectweb.asm.tree.AbstractInsnNode;                        : loaded 2 times (x 67B)
Class org.jetbrains.org.objectweb.asm.tree.VarInsnNode                                : loaded 2 times (x 77B)
Class org.jetbrains.kotlin.protobuf.ExtensionRegistryLite                             : loaded 2 times (x 72B)
Class [Lorg.jetbrains.kotlin.descriptors.DescriptorVisibility;                        : loaded 2 times (x 67B)
Class org.jetbrains.org.objectweb.asm.tree.LineNumberNode                             : loaded 2 times (x 77B)
Class org.jetbrains.kotlin.protobuf.InvalidProtocolBufferException                    : loaded 2 times (x 82B)
Class jdk.internal.jimage.BasicImageReader                                            : loaded 2 times (x 93B)
Class org.jetbrains.kotlin.metadata.ProtoBuf$Effect$EffectType                        : loaded 2 times (x 80B)
Class org.jetbrains.kotlin.protobuf.GeneratedMessageLite                              : loaded 2 times (x 99B)
Class org.jetbrains.org.objectweb.asm.tree.LocalVariableAnnotationNode                : loaded 2 times (x 79B)
Class org.jetbrains.kotlin.metadata.ProtoBuf$Visibility$1                             : loaded 2 times (x 72B)
Class org.jetbrains.org.objectweb.asm.Attribute                                       : loaded 2 times (x 75B)
Class Build_gradle$1                                                                  : loaded 2 times (x 76B)
Class org.jetbrains.kotlin.load.kotlin.header.KotlinClassHeader$Kind                  : loaded 2 times (x 77B)
Class jdk.internal.jimage.ImageLocation                                               : loaded 2 times (x 88B)
Class org.jetbrains.kotlin.metadata.jvm.JvmProtoBuf$StringTableTypes$Record$Operation$1: loaded 2 times (x 72B)
Class jdk.internal.jimage.ImageReader$Node                                            : loaded 2 times (x 82B)
Class org.jetbrains.kotlin.load.kotlin.FileBasedKotlinClass$OuterAndInnerName         : loaded 2 times (x 70B)
Class jdk.internal.jimage.decompressor.CompressedResourceHeader                       : loaded 2 times (x 69B)
Class org.jetbrains.kotlin.metadata.ProtoBuf$ValueParameterOrBuilder                  : loaded 2 times (x 68B)
Class org.jetbrains.kotlin.descriptors.Named                                          : loaded 2 times (x 68B)
Class org.jetbrains.kotlin.load.kotlin.KotlinJvmBinaryClass$AnnotationArgumentVisitor : loaded 2 times (x 68B)
Class [Lorg.jetbrains.kotlin.metadata.ProtoBuf$Expression$ConstantValue;              : loaded 2 times (x 67B)
Class org.jetbrains.kotlin.serialization.deserialization.ProtoEnumFlags               : loaded 2 times (x 69B)
Class jdk.internal.jrtfs.JrtPath                                                      : loaded 2 times (x 116B)
Class org.jetbrains.kotlin.descriptors.Visibilities$Public                            : loaded 2 times (x 77B)
Class org.jetbrains.kotlin.metadata.jvm.JvmProtoBuf$JvmMethodSignatureOrBuilder       : loaded 2 times (x 68B)
Class org.jetbrains.kotlin.metadata.ProtoBuf$Annotation$Builder                       : loaded 2 times (x 134B)
Class jdk.internal.jimage.ImageStrings                                                : loaded 2 times (x 68B)
Class jdk.internal.jrtfs.JrtFileAttributes                                            : loaded 2 times (x 81B)
Class [Lorg.jetbrains.kotlin.metadata.ProtoBuf$Effect$InvocationKind;                 : loaded 2 times (x 67B)
Class org.jetbrains.kotlin.metadata.ProtoBuf$ExpressionOrBuilder                      : loaded 2 times (x 68B)
Class org.jetbrains.kotlin.metadata.ProtoBuf$Class$1                                  : loaded 2 times (x 142B)
Class org.gradle.internal.classloader.SystemClassLoaderSpec                           : loaded 2 times (x 69B)
Class org.jetbrains.kotlin.metadata.jvm.JvmProtoBuf$StringTableTypes$Record$Operation : loaded 2 times (x 80B)
Class org.jetbrains.org.objectweb.asm.ByteVector                                      : loaded 2 times (x 76B)
Class org.jetbrains.kotlin.utils.StringsKt                                            : loaded 2 times (x 69B)
Class [Lorg.jetbrains.kotlin.metadata.ProtoBuf$Modality;                              : loaded 2 times (x 67B)
Class org.jetbrains.kotlin.protobuf.UninitializedMessageException                     : loaded 2 times (x 82B)
Class org.jetbrains.kotlin.protobuf.GeneratedMessageLite$ExtendableMessageOrBuilder   : loaded 2 times (x 68B)
Class org.jetbrains.kotlin.descriptors.SourceElement                                  : loaded 2 times (x 68B)
Class org.jetbrains.kotlin.metadata.jvm.deserialization.JvmProtoBufUtil               : loaded 2 times (x 69B)
Class org.jetbrains.org.objectweb.asm.tree.IincInsnNode                               : loaded 2 times (x 76B)
Class org.jetbrains.kotlin.cli.common.CompilerSystemProperties$Companion              : loaded 2 times (x 69B)
Class org.jetbrains.org.objectweb.asm.TypePath                                        : loaded 2 times (x 70B)
Class org.jetbrains.kotlin.protobuf.RopeByteString$RopeInputStream                    : loaded 2 times (x 90B)
Class org.jetbrains.org.objectweb.asm.tree.MethodInsnNode                             : loaded 2 times (x 78B)
Class org.jetbrains.org.objectweb.asm.Label                                           : loaded 2 times (x 71B)
Class jdk.internal.jimage.decompressor.ResourceDecompressorRepository                 : loaded 2 times (x 69B)
Class org.jetbrains.kotlin.metadata.ProtoBuf$PropertyOrBuilder                        : loaded 2 times (x 68B)
Class org.jetbrains.org.objectweb.asm.tree.LabelNode                                  : loaded 2 times (x 78B)
Class org.jetbrains.kotlin.metadata.ProtoBuf$Expression$ConstantValue                 : loaded 2 times (x 80B)
Class org.jetbrains.kotlin.metadata.ProtoBuf$Annotation$Argument$Value$1              : loaded 2 times (x 142B)
Class org.jetbrains.kotlin.metadata.ProtoBuf$EnumEntryOrBuilder                       : loaded 2 times (x 68B)
Class org.gradle.api.UncheckedIOException                                             : loaded 2 times (x 80B)
Class org.jetbrains.kotlin.metadata.ProtoBuf$Annotation$Argument                      : loaded 2 times (x 106B)
Class org.jetbrains.kotlin.metadata.jvm.JvmProtoBuf$JvmPropertySignature$Builder      : loaded 2 times (x 139B)
Class org.jetbrains.kotlin.metadata.ProtoBuf$Class                                    : loaded 2 times (x 178B)
Class org.jetbrains.kotlin.protobuf.ByteString$Output                                 : loaded 2 times (x 84B)
Class org.jetbrains.kotlin.metadata.ProtoBuf$Contract                                 : loaded 2 times (x 105B)
Class [Lorg.jetbrains.kotlin.metadata.ProtoBuf$MemberKind;                            : loaded 2 times (x 67B)
Class org.jetbrains.kotlin.protobuf.SmallSortedMap$Entry                              : loaded 2 times (x 86B)
Class org.jetbrains.kotlin.metadata.ProtoBuf$VersionRequirementTable                  : loaded 2 times (x 105B)
Class org.jetbrains.org.objectweb.asm.SymbolTable                                     : loaded 2 times (x 70B)
Class org.jetbrains.kotlin.metadata.jvm.deserialization.BitEncoding                   : loaded 2 times (x 69B)
Class org.jetbrains.kotlin.metadata.ProtoBuf$Package                                  : loaded 2 times (x 127B)
Class jdk.internal.jimage.decompressor.ResourceDecompressor$StringsProvider           : loaded 2 times (x 68B)
Class org.jetbrains.kotlin.load.kotlin.header.ReadKotlinClassHeaderAnnotationVisitor  : loaded 2 times (x 78B)
Class [Lorg.jetbrains.kotlin.protobuf.WireFormat$JavaType;                            : loaded 2 times (x 67B)
Class jdk.internal.jimage.decompressor.Decompressor                                   : loaded 2 times (x 70B)
Class org.jetbrains.kotlin.protobuf.SmallSortedMap$EmptySet                           : loaded 2 times (x 69B)
Class org.jetbrains.kotlin.metadata.ProtoBuf$Function$1                               : loaded 2 times (x 142B)
Class jdk.internal.jrtfs.JrtFileSystem                                                : loaded 2 times (x 100B)
Class org.gradle.api.internal.classpath.GlobalCacheRootsProvider                      : loaded 2 times (x 68B)
Class org.jetbrains.kotlin.protobuf.AbstractParser                                    : loaded 2 times (x 142B)
Class [Lorg.jetbrains.org.objectweb.asm.Symbol;                                       : loaded 2 times (x 67B)
Class org.jetbrains.kotlin.metadata.jvm.JvmProtoBuf$JvmPropertySignature              : loaded 2 times (x 112B)
Class org.jetbrains.org.objectweb.asm.tree.AbstractInsnNode                           : loaded 2 times (x 76B)
Class jdk.internal.jrtfs.JrtFileSystemProvider                                        : loaded 2 times (x 97B)
Class [Lorg.jetbrains.kotlin.metadata.ProtoBuf$Class$Kind;                            : loaded 2 times (x 67B)
Class org.jetbrains.org.objectweb.asm.RecordComponentWriter                           : loaded 2 times (x 76B)
Class org.jetbrains.org.objectweb.asm.tree.JumpInsnNode                               : loaded 2 times (x 77B)
Class org.gradle.internal.classloader.ClasspathUtil                                   : loaded 2 times (x 69B)
Class org.jetbrains.kotlin.metadata.deserialization.ProtoBufUtilKt                    : loaded 2 times (x 69B)
Class jdk.internal.jrtfs.JrtDirectoryStream                                           : loaded 2 times (x 87B)
Class org.jetbrains.kotlin.metadata.ProtoBuf$TypeParameter$Variance                   : loaded 2 times (x 80B)
Class org.jetbrains.org.objectweb.asm.SymbolTable$Entry                               : loaded 2 times (x 72B)
Class org.jetbrains.kotlin.metadata.deserialization.Flags$EnumLiteFlagField           : loaded 2 times (x 74B)
Class org.jetbrains.kotlin.metadata.ProtoBuf$TypeAlias                                : loaded 2 times (x 135B)
Class org.jetbrains.kotlin.protobuf.WireFormat$FieldType$1                            : loaded 2 times (x 81B)
Class org.jetbrains.kotlin.protobuf.WireFormat$FieldType$2                            : loaded 2 times (x 81B)
Class jdk.internal.jimage.decompressor.ResourceDecompressor                           : loaded 2 times (x 68B)
Class org.jetbrains.kotlin.protobuf.WireFormat$FieldType$3                            : loaded 2 times (x 81B)
Class org.jetbrains.kotlin.protobuf.WireFormat$FieldType$4                            : loaded 2 times (x 81B)
Class org.jetbrains.kotlin.protobuf.MessageLite$Builder                               : loaded 2 times (x 68B)
Class org.jetbrains.org.objectweb.asm.tree.IntInsnNode                                : loaded 2 times (x 77B)
Class org.gradle.api.internal.DefaultClassPathRegistry                                : loaded 2 times (x 74B)
Class org.jetbrains.kotlin.descriptors.Visibilities$Internal                          : loaded 2 times (x 77B)
Class org.jetbrains.kotlin.metadata.ProtoBuf$Expression                               : loaded 2 times (x 118B)
Class org.jetbrains.kotlin.descriptors.Visibilities$PrivateToThis                     : loaded 2 times (x 77B)
Class org.jetbrains.kotlin.load.kotlin.header.ReadKotlinClassHeaderAnnotationVisitor$KotlinMetadataArgumentVisitor: loaded 2 times (x 84B)
Class org.jetbrains.kotlin.protobuf.FieldSet                                          : loaded 2 times (x 70B)
Class org.jetbrains.kotlin.metadata.deserialization.TypeTable                         : loaded 2 times (x 70B)
Class [Lorg.jetbrains.kotlin.metadata.ProtoBuf$TypeParameter$Variance;                : loaded 2 times (x 67B)
Class org.gradle.api.internal.classpath.DefaultModuleRegistry$DefaultModule           : loaded 2 times (x 84B)
Class org.jetbrains.kotlin.metadata.deserialization.NameResolver                      : loaded 2 times (x 68B)
Class org.jetbrains.org.objectweb.asm.tree.FieldInsnNode                              : loaded 2 times (x 77B)
Class org.jetbrains.kotlin.metadata.ProtoBuf$Package$1                                : loaded 2 times (x 142B)
Class org.jetbrains.kotlin.protobuf.LiteralByteString                                 : loaded 2 times (x 110B)
Class org.jetbrains.kotlin.metadata.ProtoBuf$Effect$InvocationKind                    : loaded 2 times (x 80B)
Class org.jetbrains.kotlin.metadata.ProtoBuf$Class$Kind$1                             : loaded 2 times (x 72B)
Class org.jetbrains.kotlin.protobuf.GeneratedMessageLite$Builder                      : loaded 2 times (x 126B)
Class org.jetbrains.kotlin.metadata.ProtoBuf$ValueParameter                           : loaded 2 times (x 126B)
Class org.jetbrains.kotlin.metadata.ProtoBuf$Effect$InvocationKind$1                  : loaded 2 times (x 72B)
Class [Lorg.jetbrains.kotlin.cli.common.CompilerSystemProperties;                     : loaded 2 times (x 67B)
Class org.jetbrains.kotlin.metadata.ProtoBuf$Annotation$1                             : loaded 2 times (x 142B)
Class org.jetbrains.kotlin.metadata.jvm.JvmProtoBuf$StringTableTypes$1                : loaded 2 times (x 142B)
Class org.jetbrains.kotlin.cli.common.CompilerSystemProperties$value$1                : loaded 2 times (x 123B)
Class org.jetbrains.kotlin.metadata.jvm.JvmProtoBuf$JvmMethodSignature$Builder        : loaded 2 times (x 132B)
Class [Lorg.jetbrains.kotlin.protobuf.WireFormat$FieldType;                           : loaded 2 times (x 67B)
Class org.jetbrains.kotlin.metadata.ProtoBuf$VersionRequirementOrBuilder              : loaded 2 times (x 68B)
Class org.gradle.api.internal.classpath.UnknownModuleException                        : loaded 2 times (x 80B)
Class org.jetbrains.kotlin.protobuf.WireFormat$JavaType                               : loaded 2 times (x 77B)
Class org.jetbrains.kotlin.protobuf.ByteString                                        : loaded 2 times (x 106B)
Class org.jetbrains.kotlin.metadata.jvm.JvmProtoBuf$JvmFieldSignature$1               : loaded 2 times (x 142B)
Class org.jetbrains.kotlin.cli.common.ModuleVisibilityHelperImpl                      : loaded 2 times (x 72B)
Class org.jetbrains.org.objectweb.asm.tree.InsnList                                   : loaded 2 times (x 101B)
Class org.jetbrains.kotlin.metadata.ProtoBuf$PackageOrBuilder                         : loaded 2 times (x 68B)
Class [Lorg.jetbrains.org.objectweb.asm.Type;                                         : loaded 2 times (x 67B)
Class org.jetbrains.kotlin.descriptors.Visibilities$Inherited                         : loaded 2 times (x 77B)
Class org.jetbrains.kotlin.metadata.ProtoBuf$TypeAlias$1                              : loaded 2 times (x 142B)
Class org.jetbrains.kotlin.mpp.DeclarationSymbolMarker                                : loaded 2 times (x 68B)
Class org.jetbrains.kotlin.metadata.ProtoBuf$Type$Argument                            : loaded 2 times (x 108B)
Class org.jetbrains.kotlin.metadata.jvm.deserialization.JvmMetadataVersion            : loaded 2 times (x 72B)
Class org.jetbrains.kotlin.protobuf.GeneratedMessageLite$1                            : loaded 2 times (x 69B)
Class org.jetbrains.kotlin.descriptors.DeclarationDescriptorWithVisibility            : loaded 2 times (x 68B)
Class org.jetbrains.kotlin.load.kotlin.header.KotlinClassHeader$Kind$Companion        : loaded 2 times (x 69B)
Class org.gradle.internal.service.ServiceLookupException                              : loaded 2 times (x 80B)
Class org.jetbrains.kotlin.metadata.ProtoBuf$Type$Argument$1                          : loaded 2 times (x 142B)
Class org.jetbrains.kotlin.metadata.jvm.JvmProtoBuf$JvmMethodSignature                : loaded 2 times (x 106B)
Class org.jetbrains.org.objectweb.asm.Type                                            : loaded 2 times (x 70B)
Class jdk.internal.jimage.ImageStringsReader                                          : loaded 2 times (x 78B)
Class org.jetbrains.kotlin.metadata.deserialization.Flags                             : loaded 2 times (x 69B)
Class jdk.internal.jimage.decompressor.ResourceDecompressorFactory                    : loaded 2 times (x 72B)
Class org.jetbrains.org.objectweb.asm.Context                                         : loaded 2 times (x 70B)
Class [Lorg.gradle.api.internal.ClassPathProvider;                                    : loaded 2 times (x 67B)
Class jdk.internal.jimage.ImageReader$SharedImageReader$LocationVisitor               : loaded 2 times (x 68B)
Class org.jetbrains.kotlin.metadata.ProtoBuf$Type                                     : loaded 2 times (x 143B)
Class org.jetbrains.kotlin.protobuf.CodedOutputStream                                 : loaded 2 times (x 70B)
Class org.jetbrains.kotlin.protobuf.WireFormat$FieldType                              : loaded 2 times (x 81B)
Class org.jetbrains.kotlin.metadata.jvm.deserialization.ClassMapperLite               : loaded 2 times (x 69B)
Class org.gradle.util.internal.GUtil                                                  : loaded 2 times (x 69B)
Class jdk.internal.jimage.decompressor.ZipDecompressor                                : loaded 2 times (x 73B)
Class org.gradle.internal.classloader.ClassLoaderSpec                                 : loaded 2 times (x 69B)
Class org.jetbrains.kotlin.protobuf.AbstractMessageLite$Builder                       : loaded 2 times (x 120B)
Class org.jetbrains.kotlin.metadata.jvm.JvmProtoBuf$JvmFieldSignatureOrBuilder        : loaded 2 times (x 68B)
Class org.jetbrains.kotlin.metadata.ProtoBuf$Visibility                               : loaded 2 times (x 80B)
Class org.jetbrains.kotlin.descriptors.annotations.Annotated                          : loaded 2 times (x 68B)
Class org.jetbrains.kotlin.metadata.ProtoBuf$Property                                 : loaded 2 times (x 146B)
Class org.jetbrains.kotlin.metadata.deserialization.Flags$FlagField                   : loaded 2 times (x 71B)
Class org.jetbrains.kotlin.protobuf.BoundedByteString                                 : loaded 2 times (x 110B)
Class org.jetbrains.kotlin.metadata.ProtoBuf$Effect$1                                 : loaded 2 times (x 142B)
Class org.jetbrains.kotlin.metadata.ProtoBuf$ConstructorOrBuilder                     : loaded 2 times (x 68B)
Class org.jetbrains.kotlin.metadata.ProtoBuf$ClassOrBuilder                           : loaded 2 times (x 68B)
Class org.jetbrains.kotlin.descriptors.Visibility                                     : loaded 2 times (x 77B)
Class org.gradle.internal.classloader.InstrumentingClassLoader                        : loaded 2 times (x 68B)
Class org.jetbrains.org.objectweb.asm.CurrentFrame                                    : loaded 2 times (x 71B)
Class org.jetbrains.kotlin.protobuf.FieldSet$1                                        : loaded 2 times (x 69B)
Class org.jetbrains.kotlin.metadata.ProtoBuf$Modality$1                               : loaded 2 times (x 72B)
Class org.jetbrains.kotlin.metadata.ProtoBuf$Annotation                               : loaded 2 times (x 107B)
Class org.jetbrains.kotlin.util.capitalizeDecapitalize.CapitalizeDecapitalizeKt       : loaded 2 times (x 69B)
Class org.jetbrains.kotlin.protobuf.AbstractMessageLite                               : loaded 2 times (x 96B)
Class org.jetbrains.kotlin.load.kotlin.header.ReadKotlinClassHeaderAnnotationVisitor$CollectStringArrayAnnotationVisitor: loaded 2 times (x 83B)
Class org.jetbrains.kotlin.load.java.JvmAnnotationNames                               : loaded 2 times (x 69B)
Class org.jetbrains.kotlin.protobuf.CodedOutputStream$OutOfSpaceException             : loaded 2 times (x 80B)
Class org.gradle.internal.classloader.VisitableURLClassLoader                         : loaded 2 times (x 115B)
Class org.jetbrains.kotlin.metadata.ProtoBuf$EnumEntry                                : loaded 2 times (x 116B)
Class org.jetbrains.kotlin.metadata.deserialization.BinaryVersion$Companion           : loaded 2 times (x 69B)
Class org.jetbrains.kotlin.protobuf.LazyField                                         : loaded 2 times (x 81B)
Class org.jetbrains.kotlin.metadata.ProtoBuf$VersionRequirement                       : loaded 2 times (x 114B)
Class org.jetbrains.org.objectweb.asm.Symbol                                          : loaded 2 times (x 71B)
Class [Lorg.jetbrains.kotlin.metadata.ProtoBuf$Effect$EffectType;                     : loaded 2 times (x 67B)
Class org.gradle.internal.Cast                                                        : loaded 2 times (x 69B)
Class org.jetbrains.org.objectweb.asm.FieldWriter                                     : loaded 2 times (x 75B)
Class Build_gradle                                                                    : loaded 2 times (x 128B)
Class org.gradle.api.internal.ClassPathRegistry                                       : loaded 2 times (x 68B)
Class org.gradle.internal.classloader.VisitableURLClassLoader$InstrumentingVisitableURLClassLoader: loaded 2 times (x 121B)
Class org.gradle.internal.classloader.ClassLoaderHierarchy                            : loaded 2 times (x 68B)
Class org.jetbrains.kotlin.metadata.ProtoBuf$AnnotationOrBuilder                      : loaded 2 times (x 68B)
Class org.jetbrains.kotlin.metadata.ProtoBuf$Class$Kind                               : loaded 2 times (x 80B)
Class org.jetbrains.kotlin.metadata.ProtoBuf$TypeParameter                            : loaded 2 times (x 128B)
Class org.jetbrains.kotlin.metadata.ProtoBuf$VersionRequirementTable$1                : loaded 2 times (x 142B)
Class org.jetbrains.kotlin.load.kotlin.header.ReadKotlinClassHeaderAnnotationVisitor$KotlinMetadataArgumentVisitor$1: loaded 2 times (x 83B)
Class org.jetbrains.kotlin.load.kotlin.header.ReadKotlinClassHeaderAnnotationVisitor$KotlinMetadataArgumentVisitor$2: loaded 2 times (x 83B)
Class jdk.internal.jimage.ImageReader                                                 : loaded 2 times (x 73B)
Class org.jetbrains.kotlin.metadata.jvm.JvmProtoBuf$StringTableTypes                  : loaded 2 times (x 108B)
Class org.jetbrains.kotlin.metadata.ProtoBuf$Type$ArgumentOrBuilder                   : loaded 2 times (x 68B)
Class org.jetbrains.kotlin.metadata.ProtoBuf$VersionRequirementTableOrBuilder         : loaded 2 times (x 68B)
Class org.jetbrains.kotlin.metadata.jvm.deserialization.JvmMemberSignature            : loaded 2 times (x 72B)
Class org.jetbrains.kotlin.load.kotlin.KotlinJvmBinaryClass$AnnotationVisitor         : loaded 2 times (x 68B)
Class org.gradle.internal.InternalTransformer                                         : loaded 2 times (x 68B)
Class org.jetbrains.org.objectweb.asm.ClassVisitor                                    : loaded 2 times (x 85B)
Class org.gradle.internal.service.ServiceLocator                                      : loaded 2 times (x 68B)
Class Settings_gradle$1                                                               : loaded 2 times (x 72B)
Class org.jetbrains.kotlin.descriptors.ValidateableDescriptor                         : loaded 2 times (x 68B)
Class org.jetbrains.org.objectweb.asm.MethodVisitor                                   : loaded 2 times (x 102B)
Class org.jetbrains.kotlin.metadata.jvm.JvmProtoBuf$StringTableTypes$RecordOrBuilder  : loaded 2 times (x 68B)
Class org.jetbrains.kotlin.metadata.ProtoBuf$Annotation$Argument$1                    : loaded 2 times (x 142B)
Class org.jetbrains.kotlin.metadata.ProtoBuf$FunctionOrBuilder                        : loaded 2 times (x 68B)
Class org.jetbrains.kotlin.protobuf.Internal$EnumLiteMap                              : loaded 2 times (x 68B)
Class org.jetbrains.kotlin.metadata.ProtoBuf$ContractOrBuilder                        : loaded 2 times (x 68B)
Class org.jetbrains.kotlin.name.Name                                                  : loaded 2 times (x 73B)
Class org.jetbrains.kotlin.metadata.ProtoBuf$VersionRequirement$VersionKind$1         : loaded 2 times (x 72B)
Class org.jetbrains.org.objectweb.asm.tree.LookupSwitchInsnNode                       : loaded 2 times (x 76B)
Class org.jetbrains.org.objectweb.asm.tree.AnnotationNode                             : loaded 2 times (x 77B)
Class org.jetbrains.org.objectweb.asm.ModuleVisitor                                   : loaded 2 times (x 78B)
Class org.jetbrains.kotlin.util.ModuleVisibilityHelper                                : loaded 2 times (x 68B)
Class org.gradle.internal.classpath.DefaultClassPath$ImmutableUniqueList              : loaded 2 times (x 159B)
Class org.jetbrains.kotlin.descriptors.Visibilities$Protected                         : loaded 2 times (x 77B)
Class jdk.internal.jimage.ImageBufferCache                                            : loaded 2 times (x 69B)
Class org.jetbrains.kotlin.protobuf.SmallSortedMap                                    : loaded 2 times (x 128B)
Class org.jetbrains.kotlin.load.kotlin.FileBasedKotlinClass                           : loaded 2 times (x 86B)
Class org.jetbrains.kotlin.protobuf.Parser                                            : loaded 2 times (x 68B)
Class org.gradle.internal.classpath.TransformedClassPath                              : loaded 2 times (x 94B)
Class org.jetbrains.kotlin.protobuf.ExtensionRegistryLite$ObjectIntPair               : loaded 2 times (x 70B)
Class org.jetbrains.kotlin.descriptors.SourceElement$1                                : loaded 2 times (x 72B)
Class org.jetbrains.kotlin.metadata.jvm.JvmProtoBuf$JvmMethodSignature$1              : loaded 2 times (x 142B)
Class Settings_gradle                                                                 : loaded 2 times (x 126B)
Class org.jetbrains.kotlin.metadata.jvm.JvmProtoBuf$JvmFieldSignature                 : loaded 2 times (x 106B)
Class [Lorg.jetbrains.kotlin.metadata.jvm.JvmProtoBuf$StringTableTypes$Record$Operation;: loaded 2 times (x 67B)
Class org.jetbrains.kotlin.metadata.deserialization.ProtoTypeTableUtilKt              : loaded 2 times (x 69B)
Class org.jetbrains.kotlin.descriptors.DelegatedDescriptorVisibility                  : loaded 2 times (x 76B)
Class org.jetbrains.kotlin.metadata.ProtoBuf$Type$1                                   : loaded 2 times (x 142B)
Class org.jetbrains.kotlin.metadata.jvm.deserialization.JvmNameResolver               : loaded 2 times (x 78B)
Class org.jetbrains.kotlin.load.kotlin.header.KotlinClassHeader                       : loaded 2 times (x 70B)
Class org.jetbrains.org.objectweb.asm.tree.Util                                       : loaded 2 times (x 69B)
Class org.jetbrains.kotlin.metadata.ProtoBuf$VersionRequirement$1                     : loaded 2 times (x 142B)
Class jdk.internal.jimage.ImageReader$Directory                                       : loaded 2 times (x 82B)
Class org.jetbrains.kotlin.name.FqNameUnsafe$1                                        : loaded 2 times (x 72B)
Class org.jetbrains.kotlin.metadata.ProtoBuf$Constructor$1                            : loaded 2 times (x 142B)
Class org.jetbrains.kotlin.metadata.ProtoBuf$Expression$1                             : loaded 2 times (x 142B)
Class org.jetbrains.kotlin.descriptors.Visibilities$Local                             : loaded 2 times (x 77B)
Class org.jetbrains.kotlin.metadata.ProtoBuf$TypeParameterOrBuilder                   : loaded 2 times (x 68B)
Class org.jetbrains.kotlin.descriptors.DescriptorVisibilities$10                      : loaded 2 times (x 74B)
Class org.jetbrains.kotlin.descriptors.DescriptorVisibilities$11                      : loaded 2 times (x 74B)
Class org.jetbrains.kotlin.descriptors.DescriptorVisibilities$12                      : loaded 2 times (x 74B)
Class org.jetbrains.kotlin.metadata.ProtoBuf$TypeOrBuilder                            : loaded 2 times (x 68B)
Class org.jetbrains.kotlin.protobuf.MessageLiteOrBuilder                              : loaded 2 times (x 68B)
Class org.jetbrains.kotlin.metadata.jvm.JvmProtoBuf$JvmPropertySignatureOrBuilder     : loaded 2 times (x 68B)


---------------  S Y S T E M  ---------------

OS:
 Windows 11 , 64 bit Build 22621 (10.0.22621.5124)
OS uptime: 1 days 6:23 hours
Hyper-V role detected

CPU: total 8 (initial active 8) (4 cores per cpu, 2 threads per core) family 6 model 165 stepping 2 microcode 0xe2, cx8, cmov, fxsr, ht, mmx, 3dnowpref, sse, sse2, sse3, ssse3, sse4.1, sse4.2, popcnt, lzcnt, tsc, tscinvbit, avx, avx2, aes, erms, clmul, bmi1, bmi2, adx, fma, vzeroupper, clflush, clflushopt, hv
Processor Information for all 8 processors :
  Max Mhz: 2496, Current Mhz: 2496, Mhz Limit: 2496

Memory: 4k page, system-wide physical 16202M (1354M free)
TotalPageFile size 17853M (AvailPageFile size 600M)
current process WorkingSet (physical memory assigned to process): 1067M, peak: 1068M
current process commit charge ("private bytes"): 1097M, peak: 2253M

vm_info: OpenJDK 64-Bit Server VM (17.0.11+0--11852314) for windows-amd64 JRE (17.0.11+0--11852314), built on May 16 2024 21:29:20 by "androidbuild" with MS VC++ 16.10 / 16.11 (VS2019)

END.
