#
# There is insufficient memory for the Java Runtime Environment to continue.
# Native memory allocation (mmap) failed to map 1291845632 bytes. Error detail: G1 virtual space
# Possible reasons:
#   The system is out of physical RAM or swap space
#   This process is running with CompressedOops enabled, and the Java Heap may be blocking the growth of the native heap
# Possible solutions:
#   Reduce memory load on the system
#   Increase physical memory or swap space
#   Check if swap backing store is full
#   Decrease Java heap size (-Xmx/-Xms)
#   Decrease number of Java threads
#   Decrease Java thread stack sizes (-Xss)
#   Set larger code cache with -XX:ReservedCodeCacheSize=
#   JVM is running with Zero Based Compressed Oops mode in which the Java heap is
#     placed in the first 32GB address space. The Java Heap base address is the
#     maximum limit for the native heap growth. Please use -XX:HeapBaseMinAddress
#     to set the Java Heap base and to place the Java Heap above 32GB virtual address.
# This output file may be truncated or incomplete.
#
#  Out of Memory Error (os_windows.cpp:3825), pid=19484, tid=10748
#
# JRE version: OpenJDK Runtime Environment (17.0.11) (build 17.0.11+0--11852314)
# Java VM: OpenJDK 64-Bit Server VM (17.0.11+0--11852314, mixed mode, tiered, compressed oops, compressed class ptrs, g1 gc, windows-amd64)
# No core dump will be written. Minidumps are not enabled by default on client versions of Windows
#

---------------  S U M M A R Y ------------

Command Line: -XX:MaxMetaspaceSize=4G -XX:ReservedCodeCacheSize=512m -XX:+HeapDumpOnOutOfMemoryError --add-opens=java.base/java.util=ALL-UNNAMED --add-opens=java.base/java.lang=ALL-UNNAMED --add-opens=java.base/java.lang.invoke=ALL-UNNAMED --add-opens=java.prefs/java.util.prefs=ALL-UNNAMED --add-exports=jdk.compiler/com.sun.tools.javac.api=ALL-UNNAMED --add-exports=jdk.compiler/com.sun.tools.javac.util=ALL-UNNAMED --add-opens=java.base/java.nio.charset=ALL-UNNAMED --add-opens=java.base/java.net=ALL-UNNAMED --add-opens=java.base/java.util.concurrent.atomic=ALL-UNNAMED -Xmx8G -Dfile.encoding=windows-1252 -Duser.country=FR -Duser.language=fr -Duser.variant -javaagent:C:\Users\Motaz\.gradle\wrapper\dists\gradle-8.10.2-all\7iv73wktx1xtkvlq19urqw1wm\gradle-8.10.2\lib\agents\gradle-instrumentation-agent-8.10.2.jar org.gradle.launcher.daemon.bootstrap.GradleDaemon 8.10.2

Host: Intel(R) Core(TM) i5-10300H CPU @ 2.50GHz, 8 cores, 15G,  Windows 11 , 64 bit Build 22621 (10.0.22621.5124)
Time: Sat Apr  5 20:44:14 2025 Europe de l , 64 bit Build 22621 (10.0.22621.5124) elapsed time: 55.000474 seconds (0d 0h 0m 55s)

---------------  T H R E A D  ---------------

Current thread (0x0000016f4ea7e610):  VMThread "VM Thread" [stack: 0x0000005aec800000,0x0000005aec900000] [id=10748]

Stack: [0x0000005aec800000,0x0000005aec900000]
Native frames: (J=compiled Java code, j=interpreted, Vv=VM code, C=native code)
V  [jvm.dll+0x687bb9]
V  [jvm.dll+0x84142a]
V  [jvm.dll+0x8430ae]
V  [jvm.dll+0x843713]
V  [jvm.dll+0x24a35f]
V  [jvm.dll+0x684989]
V  [jvm.dll+0x67923a]
V  [jvm.dll+0x30af0b]
V  [jvm.dll+0x3123b6]
V  [jvm.dll+0x361dfe]
V  [jvm.dll+0x36202f]
V  [jvm.dll+0x2e0d38]
V  [jvm.dll+0x2df144]
V  [jvm.dll+0x2de74c]
V  [jvm.dll+0x32305b]
V  [jvm.dll+0x847e0b]
V  [jvm.dll+0x848b42]
V  [jvm.dll+0x84905d]
V  [jvm.dll+0x849434]
V  [jvm.dll+0x849500]
V  [jvm.dll+0x7efa4a]
V  [jvm.dll+0x686a35]
C  [ucrtbase.dll+0x29333]
C  [KERNEL32.DLL+0x1259d]
C  [ntdll.dll+0x5af38]

VM_Operation (0x0000005aee1ebbc0): G1CollectForAllocation, mode: safepoint, requested by thread 0x0000016f57efbeb0


---------------  P R O C E S S  ---------------

Threads class SMR info:
_java_thread_list=0x0000016f637dfee0, length=136, elements={
0x0000016f17e56510, 0x0000016f51486070, 0x0000016f51486c00, 0x0000016f514d85b0,
0x0000016f514d8f70, 0x0000016f514d9930, 0x0000016f514da2f0, 0x0000016f514de590,
0x0000016f514df040, 0x0000016f514dfa40, 0x0000016f515ca590, 0x0000016f517077a0,
0x0000016f57efa560, 0x0000016f57efa050, 0x0000016f57efaa70, 0x0000016f57ef9b40,
0x0000016f57efb490, 0x0000016f57efb9a0, 0x0000016f57efbeb0, 0x0000016f57efc3c0,
0x0000016f57efc8d0, 0x0000016f57efcde0, 0x0000016f57ef9630, 0x0000016f586b0f20,
0x0000016f586b3cb0, 0x0000016f586b1940, 0x0000016f586b3290, 0x0000016f586b41c0,
0x0000016f586ad770, 0x0000016f586b0a10, 0x0000016f586b1430, 0x0000016f586b2870,
0x0000016f586aebb0, 0x0000016f586af0c0, 0x0000016f586b0500, 0x0000016f586b1e50,
0x0000016f586b2d80, 0x0000016f586b46d0, 0x0000016f586b2360, 0x0000016f586b4be0,
0x0000016f586b37a0, 0x0000016f586b50f0, 0x0000016f586ae190, 0x0000016f586ae6a0,
0x0000016f586af5d0, 0x0000016f586afae0, 0x0000016f586afff0, 0x0000016f58980ef0,
0x0000016f5897d230, 0x0000016f58981910, 0x0000016f58982d50, 0x0000016f5897c810,
0x0000016f58981e20, 0x0000016f5897f5a0, 0x0000016f5897fab0, 0x0000016f5897ffc0,
0x0000016f5897e160, 0x0000016f5897b8e0, 0x0000016f589804d0, 0x0000016f58982330,
0x0000016f58981400, 0x0000016f5897cd20, 0x0000016f5897eb80, 0x0000016f589809e0,
0x0000016f58982840, 0x0000016f58983260, 0x0000016f5897c300, 0x0000016f5897bdf0,
0x0000016f5897d740, 0x0000016f5897dc50, 0x0000016f58e4c5f0, 0x0000016f58e4cb00,
0x0000016f58e502b0, 0x0000016f58e4c0e0, 0x0000016f58e4ee70, 0x0000016f58e49350,
0x0000016f58e4d520, 0x0000016f58e4bbd0, 0x0000016f58e4f380, 0x0000016f58e50cd0,
0x0000016f58e4da30, 0x0000016f58e4df40, 0x0000016f58e507c0, 0x0000016f58e49860,
0x0000016f58e49d70, 0x0000016f58e4a280, 0x0000016f58e4e450, 0x0000016f58e4e960,
0x0000016f58e4f890, 0x0000016f58e4fda0, 0x0000016f58e4a790, 0x0000016f58e4aca0,
0x0000016f58e4b1b0, 0x0000016f58e4b6c0, 0x0000016f613fe430, 0x0000016f613fee50,
0x0000016f613ff360, 0x0000016f613fd500, 0x0000016f613fda10, 0x0000016f613fc5d0,
0x0000016f613fe940, 0x0000016f613fc0c0, 0x0000016f613fcae0, 0x0000016f613fcff0,
0x0000016f612a85b0, 0x0000016f612aae30, 0x0000016f612aa410, 0x0000016f612ab340,
0x0000016f612ac270, 0x0000016f612ae5e0, 0x0000016f612a80a0, 0x0000016f612a8fd0,
0x0000016f612a94e0, 0x0000016f612adbc0, 0x0000016f612aeaf0, 0x0000016f612ac780,
0x0000016f612afa20, 0x0000016f612aa920, 0x0000016f612a8ac0, 0x0000016f612a99f0,
0x0000016f612a9f00, 0x0000016f612ad1a0, 0x0000016f612ab850, 0x0000016f612abd60,
0x0000016f612acc90, 0x0000016f612ad6b0, 0x0000016f612ae0d0, 0x0000016f612af000,
0x0000016f613fbbb0, 0x0000016f5bea4850, 0x0000016f5bea0680, 0x0000016f5bea3e30,
0x0000016f6149c680, 0x0000016f59456000, 0x0000016f62cab930, 0x0000016f62caaa00
}

Java Threads: ( => current thread )
  0x0000016f17e56510 JavaThread "main" [_thread_blocked, id=18900, stack(0x0000005aec200000,0x0000005aec300000)]
  0x0000016f51486070 JavaThread "Reference Handler" daemon [_thread_blocked, id=14080, stack(0x0000005aec900000,0x0000005aeca00000)]
  0x0000016f51486c00 JavaThread "Finalizer" daemon [_thread_blocked, id=18920, stack(0x0000005aeca00000,0x0000005aecb00000)]
  0x0000016f514d85b0 JavaThread "Signal Dispatcher" daemon [_thread_blocked, id=16140, stack(0x0000005aecb00000,0x0000005aecc00000)]
  0x0000016f514d8f70 JavaThread "Attach Listener" daemon [_thread_blocked, id=18440, stack(0x0000005aecc00000,0x0000005aecd00000)]
  0x0000016f514d9930 JavaThread "Service Thread" daemon [_thread_blocked, id=7816, stack(0x0000005aecd00000,0x0000005aece00000)]
  0x0000016f514da2f0 JavaThread "Monitor Deflation Thread" daemon [_thread_blocked, id=16156, stack(0x0000005aece00000,0x0000005aecf00000)]
  0x0000016f514de590 JavaThread "C2 CompilerThread0" daemon [_thread_in_native, id=20668, stack(0x0000005aecf00000,0x0000005aed000000)]
  0x0000016f514df040 JavaThread "C1 CompilerThread0" daemon [_thread_blocked, id=21368, stack(0x0000005aed000000,0x0000005aed100000)]
  0x0000016f514dfa40 JavaThread "Sweeper thread" daemon [_thread_blocked, id=19060, stack(0x0000005aed100000,0x0000005aed200000)]
  0x0000016f515ca590 JavaThread "Common-Cleaner" daemon [_thread_blocked, id=12360, stack(0x0000005aed200000,0x0000005aed300000)]
  0x0000016f517077a0 JavaThread "Notification Thread" daemon [_thread_blocked, id=6808, stack(0x0000005aed300000,0x0000005aed400000)]
  0x0000016f57efa560 JavaThread "Daemon health stats" [_thread_blocked, id=4356, stack(0x0000005aed600000,0x0000005aed700000)]
  0x0000016f57efa050 JavaThread "Incoming local TCP Connector on port 64490" [_thread_in_native, id=21320, stack(0x0000005aedc00000,0x0000005aedd00000)]
  0x0000016f57efaa70 JavaThread "Daemon periodic checks" [_thread_blocked, id=20996, stack(0x0000005aedd00000,0x0000005aede00000)]
  0x0000016f57ef9b40 JavaThread "Daemon" [_thread_blocked, id=20280, stack(0x0000005aede00000,0x0000005aedf00000)]
  0x0000016f57efb490 JavaThread "Handler for socket connection from /127.0.0.1:64490 to /127.0.0.1:64491" [_thread_in_native, id=2916, stack(0x0000005aedf00000,0x0000005aee000000)]
  0x0000016f57efb9a0 JavaThread "Cancel handler" [_thread_blocked, id=17412, stack(0x0000005aee000000,0x0000005aee100000)]
  0x0000016f57efbeb0 JavaThread "Daemon worker" [_thread_blocked, id=18192, stack(0x0000005aee100000,0x0000005aee200000)]
  0x0000016f57efc3c0 JavaThread "Asynchronous log dispatcher for DefaultDaemonConnection: socket connection from /127.0.0.1:64490 to /127.0.0.1:64491" [_thread_blocked, id=18744, stack(0x0000005aee200000,0x0000005aee300000)]
  0x0000016f57efc8d0 JavaThread "Stdin handler" [_thread_blocked, id=8892, stack(0x0000005aee300000,0x0000005aee400000)]
  0x0000016f57efcde0 JavaThread "Daemon client event forwarder" [_thread_blocked, id=18968, stack(0x0000005aee400000,0x0000005aee500000)]
  0x0000016f57ef9630 JavaThread "Cache worker for journal cache (C:\Users\Motaz\.gradle\caches\journal-1)" [_thread_blocked, id=11708, stack(0x0000005aee800000,0x0000005aee900000)]
  0x0000016f586b0f20 JavaThread "File lock request listener" [_thread_in_native, id=19640, stack(0x0000005aee900000,0x0000005aeea00000)]
  0x0000016f586b3cb0 JavaThread "Cache worker for file hash cache (C:\Users\Motaz\.gradle\caches\8.10.2\fileHashes)" [_thread_blocked, id=12020, stack(0x0000005aeea00000,0x0000005aeeb00000)]
  0x0000016f586b1940 JavaThread "Cache worker for file hash cache (C:\Users\Motaz\mm Dropbox\Motaz Sammoud\PC\Desktop\pim\Pim-main\android\.gradle\8.10.2\fileHashes)" [_thread_blocked, id=2740, stack(0x0000005aeec00000,0x0000005aeed00000)]
  0x0000016f586b3290 JavaThread "Cache worker for Build Output Cleanup Cache (C:\Users\Motaz\mm Dropbox\Motaz Sammoud\PC\Desktop\pim\Pim-main\android\.gradle\buildOutputCleanup)" [_thread_blocked, id=5428, stack(0x0000005aeed00000,0x0000005aeee00000)]
  0x0000016f586b41c0 JavaThread "File watcher server" daemon [_thread_in_native, id=7924, stack(0x0000005aeee00000,0x0000005aeef00000)]
  0x0000016f586ad770 JavaThread "File watcher consumer" daemon [_thread_blocked, id=13568, stack(0x0000005aeef00000,0x0000005aef000000)]
  0x0000016f586b0a10 JavaThread "Cache worker for checksums cache (C:\Users\Motaz\mm Dropbox\Motaz Sammoud\PC\Desktop\pim\Pim-main\android\.gradle\8.10.2\checksums)" [_thread_blocked, id=18956, stack(0x0000005aef000000,0x0000005aef100000)]
  0x0000016f586b1430 JavaThread "Cache worker for file content cache (C:\Users\Motaz\.gradle\caches\8.10.2\fileContent)" [_thread_blocked, id=18704, stack(0x0000005aef100000,0x0000005aef200000)]
  0x0000016f586b2870 JavaThread "Cache worker for cache directory md-rule (C:\Users\Motaz\.gradle\caches\8.10.2\md-rule)" [_thread_blocked, id=9404, stack(0x0000005aef200000,0x0000005aef300000)]
  0x0000016f586aebb0 JavaThread "Cache worker for cache directory md-supplier (C:\Users\Motaz\.gradle\caches\8.10.2\md-supplier)" [_thread_blocked, id=1068, stack(0x0000005aef300000,0x0000005aef400000)]
  0x0000016f586af0c0 JavaThread "Cache worker for Build Output Cleanup Cache (C:\src\flutter\flutter\packages\flutter_tools\gradle\.gradle\buildOutputCleanup)" [_thread_blocked, id=17648, stack(0x0000005aef400000,0x0000005aef500000)]
  0x0000016f586b0500 JavaThread "Unconstrained build operations" [_thread_blocked, id=20044, stack(0x0000005aef500000,0x0000005aef600000)]
  0x0000016f586b1e50 JavaThread "Unconstrained build operations Thread 2" [_thread_blocked, id=11356, stack(0x0000005aef600000,0x0000005aef700000)]
  0x0000016f586b2d80 JavaThread "Unconstrained build operations Thread 3" [_thread_blocked, id=5940, stack(0x0000005aef700000,0x0000005aef800000)]
  0x0000016f586b46d0 JavaThread "Unconstrained build operations Thread 4" [_thread_blocked, id=18108, stack(0x0000005aef800000,0x0000005aef900000)]
  0x0000016f586b2360 JavaThread "Unconstrained build operations Thread 5" [_thread_blocked, id=5504, stack(0x0000005aef900000,0x0000005aefa00000)]
  0x0000016f586b4be0 JavaThread "Unconstrained build operations Thread 6" [_thread_blocked, id=4504, stack(0x0000005aefa00000,0x0000005aefb00000)]
  0x0000016f586b37a0 JavaThread "Unconstrained build operations Thread 7" [_thread_blocked, id=2532, stack(0x0000005aefb00000,0x0000005aefc00000)]
  0x0000016f586b50f0 JavaThread "Unconstrained build operations Thread 8" [_thread_blocked, id=16892, stack(0x0000005aefc00000,0x0000005aefd00000)]
  0x0000016f586ae190 JavaThread "Unconstrained build operations Thread 9" [_thread_blocked, id=12388, stack(0x0000005aefd00000,0x0000005aefe00000)]
  0x0000016f586ae6a0 JavaThread "Unconstrained build operations Thread 10" [_thread_blocked, id=2576, stack(0x0000005aefe00000,0x0000005aeff00000)]
  0x0000016f586af5d0 JavaThread "Unconstrained build operations Thread 11" [_thread_blocked, id=3184, stack(0x0000005aeff00000,0x0000005af0000000)]
  0x0000016f586afae0 JavaThread "Unconstrained build operations Thread 12" [_thread_blocked, id=15424, stack(0x0000005af0000000,0x0000005af0100000)]
  0x0000016f586afff0 JavaThread "Unconstrained build operations Thread 13" [_thread_blocked, id=9700, stack(0x0000005af0100000,0x0000005af0200000)]
  0x0000016f58980ef0 JavaThread "Unconstrained build operations Thread 14" [_thread_blocked, id=4632, stack(0x0000005af0200000,0x0000005af0300000)]
  0x0000016f5897d230 JavaThread "Unconstrained build operations Thread 15" [_thread_blocked, id=14048, stack(0x0000005af0300000,0x0000005af0400000)]
  0x0000016f58981910 JavaThread "Unconstrained build operations Thread 16" [_thread_blocked, id=12596, stack(0x0000005af0400000,0x0000005af0500000)]
  0x0000016f58982d50 JavaThread "Unconstrained build operations Thread 17" [_thread_blocked, id=3300, stack(0x0000005af0500000,0x0000005af0600000)]
  0x0000016f5897c810 JavaThread "Unconstrained build operations Thread 18" [_thread_blocked, id=15380, stack(0x0000005af0600000,0x0000005af0700000)]
  0x0000016f58981e20 JavaThread "Unconstrained build operations Thread 19" [_thread_blocked, id=6824, stack(0x0000005af0700000,0x0000005af0800000)]
  0x0000016f5897f5a0 JavaThread "Unconstrained build operations Thread 20" [_thread_blocked, id=14900, stack(0x0000005af0800000,0x0000005af0900000)]
  0x0000016f5897fab0 JavaThread "Unconstrained build operations Thread 21" [_thread_blocked, id=17516, stack(0x0000005af0900000,0x0000005af0a00000)]
  0x0000016f5897ffc0 JavaThread "Memory manager" [_thread_blocked, id=292, stack(0x0000005af0a00000,0x0000005af0b00000)]
  0x0000016f5897e160 JavaThread "build event listener" [_thread_blocked, id=15752, stack(0x0000005af0b00000,0x0000005af0c00000)]
  0x0000016f5897b8e0 JavaThread "included builds" [_thread_blocked, id=16920, stack(0x0000005af0c00000,0x0000005af0d00000)]
  0x0000016f589804d0 JavaThread "Execution worker" [_thread_blocked, id=16280, stack(0x0000005af0d00000,0x0000005af0e00000)]
  0x0000016f58982330 JavaThread "Execution worker Thread 2" [_thread_blocked, id=19840, stack(0x0000005af0e00000,0x0000005af0f00000)]
  0x0000016f58981400 JavaThread "Execution worker Thread 3" [_thread_blocked, id=2920, stack(0x0000005af0f00000,0x0000005af1000000)]
  0x0000016f5897cd20 JavaThread "Execution worker Thread 4" [_thread_blocked, id=3104, stack(0x0000005af1000000,0x0000005af1100000)]
  0x0000016f5897eb80 JavaThread "Execution worker Thread 5" [_thread_blocked, id=19888, stack(0x0000005af1100000,0x0000005af1200000)]
  0x0000016f589809e0 JavaThread "Execution worker Thread 6" [_thread_blocked, id=20832, stack(0x0000005af1200000,0x0000005af1300000)]
  0x0000016f58982840 JavaThread "Execution worker Thread 7" [_thread_blocked, id=13392, stack(0x0000005af1300000,0x0000005af1400000)]
  0x0000016f58983260 JavaThread "Cache worker for execution history cache (C:\src\flutter\flutter\packages\flutter_tools\gradle\.gradle\8.10.2\executionHistory)" [_thread_blocked, id=4684, stack(0x0000005af1400000,0x0000005af1500000)]
  0x0000016f5897c300 JavaThread "Unconstrained build operations Thread 22" [_thread_blocked, id=16120, stack(0x0000005af1500000,0x0000005af1600000)]
  0x0000016f5897bdf0 JavaThread "Unconstrained build operations Thread 23" [_thread_blocked, id=19216, stack(0x0000005af1600000,0x0000005af1700000)]
  0x0000016f5897d740 JavaThread "Unconstrained build operations Thread 24" [_thread_blocked, id=11556, stack(0x0000005af1700000,0x0000005af1800000)]
  0x0000016f5897dc50 JavaThread "Unconstrained build operations Thread 25" [_thread_blocked, id=3556, stack(0x0000005af1800000,0x0000005af1900000)]
  0x0000016f58e4c5f0 JavaThread "Unconstrained build operations Thread 26" [_thread_blocked, id=13812, stack(0x0000005af1900000,0x0000005af1a00000)]
  0x0000016f58e4cb00 JavaThread "Unconstrained build operations Thread 27" [_thread_blocked, id=19248, stack(0x0000005af1a00000,0x0000005af1b00000)]
  0x0000016f58e502b0 JavaThread "Unconstrained build operations Thread 28" [_thread_blocked, id=11496, stack(0x0000005af1b00000,0x0000005af1c00000)]
  0x0000016f58e4c0e0 JavaThread "Unconstrained build operations Thread 29" [_thread_blocked, id=11516, stack(0x0000005af1c00000,0x0000005af1d00000)]
  0x0000016f58e4ee70 JavaThread "Unconstrained build operations Thread 30" [_thread_blocked, id=17432, stack(0x0000005af1d00000,0x0000005af1e00000)]
  0x0000016f58e49350 JavaThread "Unconstrained build operations Thread 31" [_thread_blocked, id=7852, stack(0x0000005af1e00000,0x0000005af1f00000)]
  0x0000016f58e4d520 JavaThread "Unconstrained build operations Thread 32" [_thread_blocked, id=2996, stack(0x0000005af1f00000,0x0000005af2000000)]
  0x0000016f58e4bbd0 JavaThread "Unconstrained build operations Thread 33" [_thread_blocked, id=15064, stack(0x0000005af2000000,0x0000005af2100000)]
  0x0000016f58e4f380 JavaThread "Unconstrained build operations Thread 34" [_thread_blocked, id=14224, stack(0x0000005af2100000,0x0000005af2200000)]
  0x0000016f58e50cd0 JavaThread "Unconstrained build operations Thread 35" [_thread_blocked, id=16820, stack(0x0000005af2200000,0x0000005af2300000)]
  0x0000016f58e4da30 JavaThread "Unconstrained build operations Thread 36" [_thread_blocked, id=17424, stack(0x0000005af2300000,0x0000005af2400000)]
  0x0000016f58e4df40 JavaThread "Unconstrained build operations Thread 37" [_thread_blocked, id=11312, stack(0x0000005af2700000,0x0000005af2800000)]
  0x0000016f58e507c0 JavaThread "Unconstrained build operations Thread 38" [_thread_blocked, id=17176, stack(0x0000005af2800000,0x0000005af2900000)]
  0x0000016f58e49860 JavaThread "Unconstrained build operations Thread 39" [_thread_blocked, id=1552, stack(0x0000005af2900000,0x0000005af2a00000)]
  0x0000016f58e49d70 JavaThread "Unconstrained build operations Thread 40" [_thread_blocked, id=8580, stack(0x0000005af2a00000,0x0000005af2b00000)]
  0x0000016f58e4a280 JavaThread "Unconstrained build operations Thread 41" [_thread_blocked, id=17700, stack(0x0000005af2b00000,0x0000005af2c00000)]
  0x0000016f58e4e450 JavaThread "Unconstrained build operations Thread 42" [_thread_blocked, id=7064, stack(0x0000005af2c00000,0x0000005af2d00000)]
  0x0000016f58e4e960 JavaThread "Unconstrained build operations Thread 43" [_thread_blocked, id=16732, stack(0x0000005aed500000,0x0000005aed600000)]
  0x0000016f58e4f890 JavaThread "Unconstrained build operations Thread 44" [_thread_blocked, id=19472, stack(0x0000005af2d00000,0x0000005af2e00000)]
  0x0000016f58e4fda0 JavaThread "Unconstrained build operations Thread 45" [_thread_blocked, id=8560, stack(0x0000005af2e00000,0x0000005af2f00000)]
  0x0000016f58e4a790 JavaThread "Unconstrained build operations Thread 46" [_thread_blocked, id=13144, stack(0x0000005af2f00000,0x0000005af3000000)]
  0x0000016f58e4aca0 JavaThread "Unconstrained build operations Thread 47" [_thread_blocked, id=4844, stack(0x0000005af3000000,0x0000005af3100000)]
  0x0000016f58e4b1b0 JavaThread "Unconstrained build operations Thread 48" [_thread_blocked, id=804, stack(0x0000005af3100000,0x0000005af3200000)]
  0x0000016f58e4b6c0 JavaThread "Unconstrained build operations Thread 49" [_thread_blocked, id=10716, stack(0x0000005af3200000,0x0000005af3300000)]
  0x0000016f613fe430 JavaThread "Unconstrained build operations Thread 50" [_thread_blocked, id=968, stack(0x0000005af3300000,0x0000005af3400000)]
  0x0000016f613fee50 JavaThread "Unconstrained build operations Thread 51" [_thread_blocked, id=21168, stack(0x0000005af3400000,0x0000005af3500000)]
  0x0000016f613ff360 JavaThread "Unconstrained build operations Thread 52" [_thread_blocked, id=10936, stack(0x0000005af3500000,0x0000005af3600000)]
  0x0000016f613fd500 JavaThread "Unconstrained build operations Thread 53" [_thread_blocked, id=15420, stack(0x0000005af3600000,0x0000005af3700000)]
  0x0000016f613fda10 JavaThread "WorkerExecutor Queue" [_thread_blocked, id=19040, stack(0x0000005af3800000,0x0000005af3900000)]
  0x0000016f613fc5d0 JavaThread "RMI Scheduler(0)" daemon [_thread_blocked, id=11528, stack(0x0000005af3700000,0x0000005af3800000)]
  0x0000016f613fe940 JavaThread "RMI GC Daemon" daemon [_thread_blocked, id=10252, stack(0x0000005af3a00000,0x0000005af3b00000)]
  0x0000016f613fc0c0 JavaThread "RMI TCP Accept-0" daemon [_thread_in_native, id=3172, stack(0x0000005af3b00000,0x0000005af3c00000)]
  0x0000016f613fcae0 JavaThread "RMI Reaper" [_thread_blocked, id=8916, stack(0x0000005af3c00000,0x0000005af3d00000)]
  0x0000016f613fcff0 JavaThread "RMI TCP Connection(idle)" daemon [_thread_blocked, id=17108, stack(0x0000005af3d00000,0x0000005af3e00000)]
  0x0000016f612a85b0 JavaThread "Exec process" [_thread_blocked, id=12452, stack(0x0000005af4000000,0x0000005af4100000)]
  0x0000016f612aae30 JavaThread "Exec process Thread 2" [_thread_blocked, id=2068, stack(0x0000005af4200000,0x0000005af4300000)]
  0x0000016f612aa410 JavaThread "Exec process Thread 3" [_thread_blocked, id=10632, stack(0x0000005af4300000,0x0000005af4400000)]
  0x0000016f612ab340 JavaThread "Exec process Thread 4" [_thread_blocked, id=18272, stack(0x0000005af4400000,0x0000005af4500000)]
  0x0000016f612ac270 JavaThread "Unconstrained build operations Thread 54" [_thread_blocked, id=11284, stack(0x0000005af4a00000,0x0000005af4b00000)]
  0x0000016f612ae5e0 JavaThread "Unconstrained build operations Thread 55" [_thread_blocked, id=8544, stack(0x0000005af4b00000,0x0000005af4c00000)]
  0x0000016f612a80a0 JavaThread "Unconstrained build operations Thread 56" [_thread_blocked, id=15256, stack(0x0000005af4c00000,0x0000005af4d00000)]
  0x0000016f612a8fd0 JavaThread "Unconstrained build operations Thread 57" [_thread_blocked, id=1856, stack(0x0000005af4d00000,0x0000005af4e00000)]
  0x0000016f612a94e0 JavaThread "Unconstrained build operations Thread 58" [_thread_blocked, id=15068, stack(0x0000005af4e00000,0x0000005af4f00000)]
  0x0000016f612adbc0 JavaThread "Unconstrained build operations Thread 59" [_thread_blocked, id=14544, stack(0x0000005af4f00000,0x0000005af5000000)]
  0x0000016f612aeaf0 JavaThread "Unconstrained build operations Thread 60" [_thread_blocked, id=11680, stack(0x0000005af5000000,0x0000005af5100000)]
  0x0000016f612ac780 JavaThread "Unconstrained build operations Thread 61" [_thread_blocked, id=17740, stack(0x0000005af5100000,0x0000005af5200000)]
  0x0000016f612afa20 JavaThread "Unconstrained build operations Thread 62" [_thread_blocked, id=10504, stack(0x0000005af5200000,0x0000005af5300000)]
  0x0000016f612aa920 JavaThread "Unconstrained build operations Thread 63" [_thread_blocked, id=15848, stack(0x0000005af5300000,0x0000005af5400000)]
  0x0000016f612a8ac0 JavaThread "Unconstrained build operations Thread 64" [_thread_blocked, id=11436, stack(0x0000005af5400000,0x0000005af5500000)]
  0x0000016f612a99f0 JavaThread "Unconstrained build operations Thread 65" [_thread_blocked, id=8400, stack(0x0000005af5500000,0x0000005af5600000)]
  0x0000016f612a9f00 JavaThread "Unconstrained build operations Thread 66" [_thread_blocked, id=9460, stack(0x0000005af5600000,0x0000005af5700000)]
  0x0000016f612ad1a0 JavaThread "Unconstrained build operations Thread 67" [_thread_blocked, id=19856, stack(0x0000005af5700000,0x0000005af5800000)]
  0x0000016f612ab850 JavaThread "Unconstrained build operations Thread 68" [_thread_blocked, id=3160, stack(0x0000005af3900000,0x0000005af3a00000)]
  0x0000016f612abd60 JavaThread "Unconstrained build operations Thread 69" [_thread_blocked, id=10024, stack(0x0000005af3e00000,0x0000005af3f00000)]
  0x0000016f612acc90 JavaThread "Unconstrained build operations Thread 70" [_thread_blocked, id=18296, stack(0x0000005af3f00000,0x0000005af4000000)]
  0x0000016f612ad6b0 JavaThread "Unconstrained build operations Thread 71" [_thread_blocked, id=20504, stack(0x0000005af4100000,0x0000005af4200000)]
  0x0000016f612ae0d0 JavaThread "Unconstrained build operations Thread 72" [_thread_blocked, id=19760, stack(0x0000005af4500000,0x0000005af4600000)]
  0x0000016f612af000 JavaThread "Unconstrained build operations Thread 73" [_thread_blocked, id=11628, stack(0x0000005af4600000,0x0000005af4700000)]
  0x0000016f613fbbb0 JavaThread "Unconstrained build operations Thread 74" [_thread_blocked, id=11952, stack(0x0000005af5800000,0x0000005af5900000)]
  0x0000016f5bea4850 JavaThread "jar transforms" [_thread_blocked, id=4812, stack(0x0000005af5c00000,0x0000005af5d00000)]
  0x0000016f5bea0680 JavaThread "jar transforms Thread 2" [_thread_blocked, id=18988, stack(0x0000005af5d00000,0x0000005af5e00000)]
  0x0000016f5bea3e30 JavaThread "Kotlin DSL Writer" [_thread_blocked, id=7096, stack(0x0000005af5e00000,0x0000005af5f00000)]
  0x0000016f6149c680 JavaThread "C2 CompilerThread1" daemon [_thread_in_native, id=6936, stack(0x0000005af5a00000,0x0000005af5b00000)]
  0x0000016f59456000 JavaThread "C2 CompilerThread2" daemon [_thread_in_native, id=21160, stack(0x0000005af5b00000,0x0000005af5c00000)]
  0x0000016f62cab930 JavaThread "jar transforms Thread 3" [_thread_blocked, id=19520, stack(0x0000005af5f00000,0x0000005af6000000)]
  0x0000016f62caaa00 JavaThread "jar transforms Thread 4" [_thread_blocked, id=10728, stack(0x0000005af6000000,0x0000005af6100000)]

Other Threads:
=>0x0000016f4ea7e610 VMThread "VM Thread" [stack: 0x0000005aec800000,0x0000005aec900000] [id=10748]
  0x0000016f51708490 WatcherThread [stack: 0x0000005aed400000,0x0000005aed500000] [id=13496]
  0x0000016f4e8c19b0 GCTaskThread "GC Thread#0" [stack: 0x0000005aec300000,0x0000005aec400000] [id=21348]
  0x0000016f562ccd20 GCTaskThread "GC Thread#1" [stack: 0x0000005aed700000,0x0000005aed800000] [id=20084]
  0x0000016f566d0970 GCTaskThread "GC Thread#2" [stack: 0x0000005aed800000,0x0000005aed900000] [id=14904]
  0x0000016f5642b330 GCTaskThread "GC Thread#3" [stack: 0x0000005aed900000,0x0000005aeda00000] [id=17392]
  0x0000016f56742d60 GCTaskThread "GC Thread#4" [stack: 0x0000005aeda00000,0x0000005aedb00000] [id=17320]
  0x0000016f56743020 GCTaskThread "GC Thread#5" [stack: 0x0000005aedb00000,0x0000005aedc00000] [id=1700]
  0x0000016f58345430 GCTaskThread "GC Thread#6" [stack: 0x0000005aee500000,0x0000005aee600000] [id=18924]
  0x0000016f560bfd30 GCTaskThread "GC Thread#7" [stack: 0x0000005aee600000,0x0000005aee700000] [id=5380]
  0x0000016f17ed27f0 ConcurrentGCThread "G1 Main Marker" [stack: 0x0000005aec400000,0x0000005aec500000] [id=3440]
  0x0000016f17ed4220 ConcurrentGCThread "G1 Conc#0" [stack: 0x0000005aec500000,0x0000005aec600000] [id=12132]
  0x0000016f584bac40 ConcurrentGCThread "G1 Conc#1" [stack: 0x0000005aee700000,0x0000005aee800000] [id=18696]
  0x0000016f17efec10 ConcurrentGCThread "G1 Refine#0" [stack: 0x0000005aec600000,0x0000005aec700000] [id=6752]
  0x0000016f5c075c20 ConcurrentGCThread "G1 Refine#1" [stack: 0x0000005aeeb00000,0x0000005aeec00000] [id=15532]
  0x0000016f5c1753d0 ConcurrentGCThread "G1 Refine#2" [stack: 0x0000005af2400000,0x0000005af2500000] [id=16180]
  0x0000016f5c173c50 ConcurrentGCThread "G1 Refine#3" [stack: 0x0000005af2500000,0x0000005af2600000] [id=9656]
  0x0000016f615f6f70 ConcurrentGCThread "G1 Refine#4" [stack: 0x0000005af4800000,0x0000005af4900000] [id=17316]
  0x0000016f615f63b0 ConcurrentGCThread "G1 Refine#5" [stack: 0x0000005af4900000,0x0000005af4a00000] [id=14192]
  0x0000016f615f95a0 ConcurrentGCThread "G1 Refine#6" [stack: 0x0000005af5900000,0x0000005af5a00000] [id=2964]
  0x0000016f4e929850 ConcurrentGCThread "G1 Service" [stack: 0x0000005aec700000,0x0000005aec800000] [id=19820]

Threads with active compile tasks:
C2 CompilerThread0    55038 21874       4       com.sun.beans.TypeResolver::resolve (37 bytes)
C2 CompilerThread1    55038 21880   !   4       com.sun.beans.TypeResolver::resolve (261 bytes)
C2 CompilerThread2    55038 21936   !   4       org.jetbrains.kotlin.metadata.jvm.JvmModuleProtoBuf$PackageParts::<init> (1103 bytes)

VM state: at safepoint (normal execution)

VM Mutex/Monitor currently owned by a thread:  ([mutex/lock_event])
[0x0000016f17e53670] Threads_lock - owner thread: 0x0000016f4ea7e610
[0x0000016f17e53820] Heap_lock - owner thread: 0x0000016f57efbeb0

Heap address: 0x0000000600000000, size: 8192 MB, Compressed Oops mode: Zero based, Oop shift amount: 3

CDS archive(s) not mapped
Compressed class space mapped at: 0x0000000800000000-0x0000000840000000, reserved size: 1073741824
Narrow klass base: 0x0000000800000000, Narrow klass shift: 0, Narrow klass range: 0x40000000

GC Precious Log:
 CPUs: 8 total, 8 available
 Memory: 16202M
 Large Page Support: Disabled
 NUMA Support: Disabled
 Compressed Oops: Enabled (Zero based)
 Heap Region Size: 4M
 Heap Min Capacity: 8M
 Heap Initial Capacity: 256M
 Heap Max Capacity: 8G
 Pre-touch: Disabled
 Parallel Workers: 8
 Concurrent Workers: 2
 Concurrent Refinement Workers: 8
 Periodic GC: Disabled

Heap:
 garbage-first heap   total 630784K, used 267977K [0x0000000600000000, 0x0000000800000000)
  region size 4096K, 6 young (24576K), 6 survivors (24576K)
 Metaspace       used 181385K, committed 182336K, reserved 1245184K
  class space    used 23443K, committed 23872K, reserved 1048576K

Heap Regions: E=young(eden), S=young(survivor), O=old, HS=humongous(starts), HC=humongous(continues), CS=collection set, F=free, OA=open archive, CA=closed archive, TAMS=top-at-mark-start (previous, next)
|   0|0x0000000600000000, 0x0000000600400000, 0x0000000600400000|100%|HS|  |TAMS 0x0000000600400000, 0x0000000600000000| Complete 
|   1|0x0000000600400000, 0x0000000600800000, 0x0000000600800000|100%| O|  |TAMS 0x0000000600800000, 0x0000000600400000| Untracked 
|   2|0x0000000600800000, 0x0000000600c00000, 0x0000000600c00000|100%| O|  |TAMS 0x0000000600c00000, 0x0000000600800000| Untracked 
|   3|0x0000000600c00000, 0x0000000601000000, 0x0000000601000000|100%| O|  |TAMS 0x0000000601000000, 0x0000000600c00000| Untracked 
|   4|0x0000000601000000, 0x0000000601400000, 0x0000000601400000|100%| O|  |TAMS 0x0000000601400000, 0x0000000601000000| Untracked 
|   5|0x0000000601400000, 0x0000000601800000, 0x0000000601800000|100%| O|  |TAMS 0x0000000601800000, 0x0000000601400000| Untracked 
|   6|0x0000000601800000, 0x0000000601c00000, 0x0000000601c00000|100%| O|  |TAMS 0x0000000601c00000, 0x0000000601800000| Untracked 
|   7|0x0000000601c00000, 0x0000000602000000, 0x0000000602000000|100%| O|  |TAMS 0x0000000602000000, 0x0000000601c00000| Untracked 
|   8|0x0000000602000000, 0x0000000602400000, 0x0000000602400000|100%| O|  |TAMS 0x0000000602400000, 0x0000000602000000| Untracked 
|   9|0x0000000602400000, 0x0000000602800000, 0x0000000602800000|100%|HS|  |TAMS 0x0000000602800000, 0x0000000602400000| Complete 
|  10|0x0000000602800000, 0x0000000602c00000, 0x0000000602c00000|100%|HS|  |TAMS 0x0000000602c00000, 0x0000000602800000| Complete 
|  11|0x0000000602c00000, 0x0000000603000000, 0x0000000603000000|100%|HS|  |TAMS 0x0000000602c00000, 0x0000000602c00000| Complete 
|  12|0x0000000603000000, 0x0000000603400000, 0x0000000603400000|100%| O|  |TAMS 0x0000000603400000, 0x0000000603000000| Untracked 
|  13|0x0000000603400000, 0x0000000603800000, 0x0000000603800000|100%| O|  |TAMS 0x0000000603800000, 0x0000000603400000| Untracked 
|  14|0x0000000603800000, 0x0000000603800000, 0x0000000603c00000|  0%| F|  |TAMS 0x0000000603800000, 0x0000000603800000| Untracked 
|  15|0x0000000603c00000, 0x0000000604000000, 0x0000000604000000|100%| O|  |TAMS 0x0000000603c00000, 0x0000000603c00000| Untracked 
|  16|0x0000000604000000, 0x0000000604400000, 0x0000000604400000|100%| O|  |TAMS 0x0000000604400000, 0x0000000604000000| Untracked 
|  17|0x0000000604400000, 0x0000000604400000, 0x0000000604800000|  0%| F|  |TAMS 0x0000000604400000, 0x0000000604400000| Untracked 
|  18|0x0000000604800000, 0x0000000604800000, 0x0000000604c00000|  0%| F|  |TAMS 0x0000000604800000, 0x0000000604800000| Untracked 
|  19|0x0000000604c00000, 0x0000000605000000, 0x0000000605000000|100%| O|  |TAMS 0x0000000604c00000, 0x0000000604c00000| Untracked 
|  20|0x0000000605000000, 0x0000000605400000, 0x0000000605400000|100%| O|  |TAMS 0x0000000605400000, 0x0000000605000000| Untracked 
|  21|0x0000000605400000, 0x0000000605800000, 0x0000000605800000|100%| O|  |TAMS 0x0000000605800000, 0x0000000605400000| Untracked 
|  22|0x0000000605800000, 0x0000000605c00000, 0x0000000605c00000|100%| O|  |TAMS 0x0000000605c00000, 0x0000000605800000| Untracked 
|  23|0x0000000605c00000, 0x0000000605c00000, 0x0000000606000000|  0%| F|  |TAMS 0x0000000605c00000, 0x0000000605c00000| Untracked 
|  24|0x0000000606000000, 0x0000000606400000, 0x0000000606400000|100%| O|  |TAMS 0x0000000606400000, 0x0000000606000000| Untracked 
|  25|0x0000000606400000, 0x0000000606800000, 0x0000000606800000|100%| O|  |TAMS 0x0000000606400000, 0x0000000606400000| Untracked 
|  26|0x0000000606800000, 0x0000000606800000, 0x0000000606c00000|  0%| F|  |TAMS 0x0000000606800000, 0x0000000606800000| Untracked 
|  27|0x0000000606c00000, 0x0000000606c00000, 0x0000000607000000|  0%| F|  |TAMS 0x0000000606c00000, 0x0000000606c00000| Untracked 
|  28|0x0000000607000000, 0x0000000607400000, 0x0000000607400000|100%| O|  |TAMS 0x0000000607000000, 0x0000000607000000| Untracked 
|  29|0x0000000607400000, 0x000000060766f200, 0x0000000607800000| 60%| O|  |TAMS 0x0000000607400000, 0x0000000607400000| Untracked 
|  30|0x0000000607800000, 0x0000000607c00000, 0x0000000607c00000|100%| O|  |TAMS 0x0000000607c00000, 0x0000000607800000| Untracked 
|  31|0x0000000607c00000, 0x0000000608000000, 0x0000000608000000|100%| O|  |TAMS 0x0000000608000000, 0x0000000607c00000| Untracked 
|  32|0x0000000608000000, 0x0000000608400000, 0x0000000608400000|100%| O|  |TAMS 0x0000000608400000, 0x0000000608000000| Untracked 
|  33|0x0000000608400000, 0x0000000608800000, 0x0000000608800000|100%| O|  |TAMS 0x0000000608800000, 0x0000000608400000| Untracked 
|  34|0x0000000608800000, 0x0000000608c00000, 0x0000000608c00000|100%|HS|  |TAMS 0x0000000608c00000, 0x0000000608800000| Complete 
|  35|0x0000000608c00000, 0x0000000609000000, 0x0000000609000000|100%| O|  |TAMS 0x0000000609000000, 0x0000000608c00000| Untracked 
|  36|0x0000000609000000, 0x0000000609400000, 0x0000000609400000|100%| O|  |TAMS 0x0000000609400000, 0x0000000609000000| Untracked 
|  37|0x0000000609400000, 0x0000000609800000, 0x0000000609800000|100%| O|  |TAMS 0x0000000609800000, 0x0000000609400000| Untracked 
|  38|0x0000000609800000, 0x0000000609c00000, 0x0000000609c00000|100%| O|  |TAMS 0x0000000609c00000, 0x0000000609800000| Untracked 
|  39|0x0000000609c00000, 0x000000060a000000, 0x000000060a000000|100%| O|  |TAMS 0x000000060a000000, 0x0000000609c00000| Untracked 
|  40|0x000000060a000000, 0x000000060a400000, 0x000000060a400000|100%| O|  |TAMS 0x000000060a400000, 0x000000060a000000| Untracked 
|  41|0x000000060a400000, 0x000000060a800000, 0x000000060a800000|100%| O|  |TAMS 0x000000060a800000, 0x000000060a400000| Untracked 
|  42|0x000000060a800000, 0x000000060ac00000, 0x000000060ac00000|100%| O|  |TAMS 0x000000060ac00000, 0x000000060a800000| Untracked 
|  43|0x000000060ac00000, 0x000000060b000000, 0x000000060b000000|100%| O|  |TAMS 0x000000060b000000, 0x000000060ac00000| Untracked 
|  44|0x000000060b000000, 0x000000060b400000, 0x000000060b400000|100%| O|  |TAMS 0x000000060b400000, 0x000000060b000000| Untracked 
|  45|0x000000060b400000, 0x000000060b800000, 0x000000060b800000|100%| O|  |TAMS 0x000000060b800000, 0x000000060b400000| Untracked 
|  46|0x000000060b800000, 0x000000060bc00000, 0x000000060bc00000|100%| O|  |TAMS 0x000000060bc00000, 0x000000060b800000| Untracked 
|  47|0x000000060bc00000, 0x000000060c000000, 0x000000060c000000|100%| O|  |TAMS 0x000000060c000000, 0x000000060bc00000| Untracked 
|  48|0x000000060c000000, 0x000000060c400000, 0x000000060c400000|100%| O|  |TAMS 0x000000060c400000, 0x000000060c000000| Untracked 
|  49|0x000000060c400000, 0x000000060c800000, 0x000000060c800000|100%|HS|  |TAMS 0x000000060c800000, 0x000000060c400000| Complete 
|  50|0x000000060c800000, 0x000000060cc00000, 0x000000060cc00000|100%|HC|  |TAMS 0x000000060cc00000, 0x000000060c800000| Complete 
|  51|0x000000060cc00000, 0x000000060d000000, 0x000000060d000000|100%| O|  |TAMS 0x000000060d000000, 0x000000060cc00000| Untracked 
|  52|0x000000060d000000, 0x000000060d400000, 0x000000060d400000|100%| O|  |TAMS 0x000000060d400000, 0x000000060d000000| Untracked 
|  53|0x000000060d400000, 0x000000060d800000, 0x000000060d800000|100%| O|  |TAMS 0x000000060d800000, 0x000000060d400000| Untracked 
|  54|0x000000060d800000, 0x000000060dc00000, 0x000000060dc00000|100%| O|  |TAMS 0x000000060dc00000, 0x000000060d800000| Untracked 
|  55|0x000000060dc00000, 0x000000060e000000, 0x000000060e000000|100%| O|  |TAMS 0x000000060e000000, 0x000000060dc00000| Untracked 
|  56|0x000000060e000000, 0x000000060e400000, 0x000000060e400000|100%| O|  |TAMS 0x000000060e400000, 0x000000060e000000| Untracked 
|  57|0x000000060e400000, 0x000000060e800000, 0x000000060e800000|100%| O|  |TAMS 0x000000060e800000, 0x000000060e400000| Untracked 
|  58|0x000000060e800000, 0x000000060ec00000, 0x000000060ec00000|100%| O|  |TAMS 0x000000060ec00000, 0x000000060e800000| Untracked 
|  59|0x000000060ec00000, 0x000000060f000000, 0x000000060f000000|100%| O|  |TAMS 0x000000060f000000, 0x000000060ec00000| Untracked 
|  60|0x000000060f000000, 0x000000060f400000, 0x000000060f400000|100%| O|  |TAMS 0x000000060f400000, 0x000000060f000000| Untracked 
|  61|0x000000060f400000, 0x000000060f800000, 0x000000060f800000|100%| O|  |TAMS 0x000000060f800000, 0x000000060f400000| Untracked 
|  62|0x000000060f800000, 0x000000060fc00000, 0x000000060fc00000|100%| O|  |TAMS 0x000000060fc00000, 0x000000060f800000| Untracked 
|  63|0x000000060fc00000, 0x0000000610000000, 0x0000000610000000|100%| O|  |TAMS 0x0000000610000000, 0x000000060fc00000| Untracked 
|  64|0x0000000610000000, 0x0000000610400000, 0x0000000610400000|100%| O|  |TAMS 0x0000000610400000, 0x0000000610000000| Untracked 
|  65|0x0000000610400000, 0x0000000610800000, 0x0000000610800000|100%| O|  |TAMS 0x0000000610496808, 0x0000000610400000| Untracked 
|  66|0x0000000610800000, 0x0000000610800000, 0x0000000610c00000|  0%| F|  |TAMS 0x0000000610800000, 0x0000000610800000| Untracked 
|  67|0x0000000610c00000, 0x0000000610c00000, 0x0000000611000000|  0%| F|  |TAMS 0x0000000610c00000, 0x0000000610c00000| Untracked 
|  68|0x0000000611000000, 0x0000000611000000, 0x0000000611400000|  0%| F|  |TAMS 0x0000000611000000, 0x0000000611000000| Untracked 
|  69|0x0000000611400000, 0x0000000611400000, 0x0000000611800000|  0%| F|  |TAMS 0x0000000611400000, 0x0000000611400000| Untracked 
|  70|0x0000000611800000, 0x0000000611800000, 0x0000000611c00000|  0%| F|  |TAMS 0x0000000611800000, 0x0000000611800000| Untracked 
|  71|0x0000000611c00000, 0x0000000611c00000, 0x0000000612000000|  0%| F|  |TAMS 0x0000000611c00000, 0x0000000611c00000| Untracked 
|  72|0x0000000612000000, 0x0000000612000000, 0x0000000612400000|  0%| F|  |TAMS 0x0000000612000000, 0x0000000612000000| Untracked 
|  73|0x0000000612400000, 0x0000000612400000, 0x0000000612800000|  0%| F|  |TAMS 0x0000000612400000, 0x0000000612400000| Untracked 
|  74|0x0000000612800000, 0x0000000612800000, 0x0000000612c00000|  0%| F|  |TAMS 0x0000000612800000, 0x0000000612800000| Untracked 
|  75|0x0000000612c00000, 0x0000000612c00000, 0x0000000613000000|  0%| F|  |TAMS 0x0000000612c00000, 0x0000000612c00000| Untracked 
|  76|0x0000000613000000, 0x0000000613000000, 0x0000000613400000|  0%| F|  |TAMS 0x0000000613000000, 0x0000000613000000| Untracked 
|  77|0x0000000613400000, 0x0000000613400000, 0x0000000613800000|  0%| F|  |TAMS 0x0000000613400000, 0x0000000613400000| Untracked 
|  78|0x0000000613800000, 0x0000000613800000, 0x0000000613c00000|  0%| F|  |TAMS 0x0000000613800000, 0x0000000613800000| Untracked 
|  79|0x0000000613c00000, 0x0000000613c00000, 0x0000000614000000|  0%| F|  |TAMS 0x0000000613c00000, 0x0000000613c00000| Untracked 
|  80|0x0000000614000000, 0x0000000614000000, 0x0000000614400000|  0%| F|  |TAMS 0x0000000614000000, 0x0000000614000000| Untracked 
|  81|0x0000000614400000, 0x0000000614400000, 0x0000000614800000|  0%| F|  |TAMS 0x0000000614400000, 0x0000000614400000| Untracked 
|  82|0x0000000614800000, 0x0000000614800000, 0x0000000614c00000|  0%| F|  |TAMS 0x0000000614800000, 0x0000000614800000| Untracked 
|  83|0x0000000614c00000, 0x0000000614c00000, 0x0000000615000000|  0%| F|  |TAMS 0x0000000614c00000, 0x0000000614c00000| Untracked 
|  84|0x0000000615000000, 0x0000000615000000, 0x0000000615400000|  0%| F|  |TAMS 0x0000000615000000, 0x0000000615000000| Untracked 
|  85|0x0000000615400000, 0x0000000615743428, 0x0000000615800000| 81%| S|CS|TAMS 0x0000000615400000, 0x0000000615400000| Complete 
|  86|0x0000000615800000, 0x0000000615c00000, 0x0000000615c00000|100%| S|CS|TAMS 0x0000000615800000, 0x0000000615800000| Complete 
|  87|0x0000000615c00000, 0x0000000616000000, 0x0000000616000000|100%| S|CS|TAMS 0x0000000615c00000, 0x0000000615c00000| Complete 
|  88|0x0000000616000000, 0x0000000616400000, 0x0000000616400000|100%| S|CS|TAMS 0x0000000616000000, 0x0000000616000000| Complete 
|  89|0x0000000616400000, 0x0000000616800000, 0x0000000616800000|100%| S|CS|TAMS 0x0000000616400000, 0x0000000616400000| Complete 
|  90|0x0000000616800000, 0x0000000616c00000, 0x0000000616c00000|100%| S|CS|TAMS 0x0000000616800000, 0x0000000616800000| Complete 
|  91|0x0000000616c00000, 0x0000000616c00000, 0x0000000617000000|  0%| F|  |TAMS 0x0000000616c00000, 0x0000000616c00000| Untracked 
|  92|0x0000000617000000, 0x0000000617000000, 0x0000000617400000|  0%| F|  |TAMS 0x0000000617000000, 0x0000000617000000| Untracked 
|  93|0x0000000617400000, 0x0000000617400000, 0x0000000617800000|  0%| F|  |TAMS 0x0000000617400000, 0x0000000617400000| Untracked 
|  94|0x0000000617800000, 0x0000000617800000, 0x0000000617c00000|  0%| F|  |TAMS 0x0000000617800000, 0x0000000617800000| Untracked 
|  95|0x0000000617c00000, 0x0000000617c00000, 0x0000000618000000|  0%| F|  |TAMS 0x0000000617c00000, 0x0000000617c00000| Untracked 
|  96|0x0000000618000000, 0x0000000618000000, 0x0000000618400000|  0%| F|  |TAMS 0x0000000618000000, 0x0000000618000000| Untracked 
|  97|0x0000000618400000, 0x0000000618400000, 0x0000000618800000|  0%| F|  |TAMS 0x0000000618400000, 0x0000000618400000| Untracked 
|  98|0x0000000618800000, 0x0000000618800000, 0x0000000618c00000|  0%| F|  |TAMS 0x0000000618800000, 0x0000000618800000| Untracked 
|  99|0x0000000618c00000, 0x0000000618c00000, 0x0000000619000000|  0%| F|  |TAMS 0x0000000618c00000, 0x0000000618c00000| Untracked 
| 100|0x0000000619000000, 0x0000000619000000, 0x0000000619400000|  0%| F|  |TAMS 0x0000000619000000, 0x0000000619000000| Untracked 
| 101|0x0000000619400000, 0x0000000619400000, 0x0000000619800000|  0%| F|  |TAMS 0x0000000619400000, 0x0000000619400000| Untracked 
| 102|0x0000000619800000, 0x0000000619800000, 0x0000000619c00000|  0%| F|  |TAMS 0x0000000619800000, 0x0000000619800000| Untracked 
| 103|0x0000000619c00000, 0x0000000619c00000, 0x000000061a000000|  0%| F|  |TAMS 0x0000000619c00000, 0x0000000619c00000| Untracked 
| 104|0x000000061a000000, 0x000000061a000000, 0x000000061a400000|  0%| F|  |TAMS 0x000000061a000000, 0x000000061a000000| Untracked 
| 105|0x000000061a400000, 0x000000061a400000, 0x000000061a800000|  0%| F|  |TAMS 0x000000061a400000, 0x000000061a400000| Untracked 
| 106|0x000000061a800000, 0x000000061a800000, 0x000000061ac00000|  0%| F|  |TAMS 0x000000061a800000, 0x000000061a800000| Untracked 
| 107|0x000000061ac00000, 0x000000061ac00000, 0x000000061b000000|  0%| F|  |TAMS 0x000000061ac00000, 0x000000061ac00000| Untracked 
| 108|0x000000061b000000, 0x000000061b000000, 0x000000061b400000|  0%| F|  |TAMS 0x000000061b000000, 0x000000061b000000| Untracked 
| 109|0x000000061b400000, 0x000000061b400000, 0x000000061b800000|  0%| F|  |TAMS 0x000000061b400000, 0x000000061b400000| Untracked 
| 110|0x000000061b800000, 0x000000061b800000, 0x000000061bc00000|  0%| F|  |TAMS 0x000000061b800000, 0x000000061b800000| Untracked 
| 111|0x000000061bc00000, 0x000000061bc00000, 0x000000061c000000|  0%| F|  |TAMS 0x000000061bc00000, 0x000000061bc00000| Untracked 
| 112|0x000000061c000000, 0x000000061c000000, 0x000000061c400000|  0%| F|  |TAMS 0x000000061c000000, 0x000000061c000000| Untracked 
| 113|0x000000061c400000, 0x000000061c400000, 0x000000061c800000|  0%| F|  |TAMS 0x000000061c400000, 0x000000061c400000| Untracked 
| 114|0x000000061c800000, 0x000000061c800000, 0x000000061cc00000|  0%| F|  |TAMS 0x000000061c800000, 0x000000061c800000| Untracked 
| 115|0x000000061cc00000, 0x000000061cc00000, 0x000000061d000000|  0%| F|  |TAMS 0x000000061cc00000, 0x000000061cc00000| Untracked 
| 116|0x000000061d000000, 0x000000061d000000, 0x000000061d400000|  0%| F|  |TAMS 0x000000061d000000, 0x000000061d000000| Untracked 
| 117|0x000000061d400000, 0x000000061d400000, 0x000000061d800000|  0%| F|  |TAMS 0x000000061d400000, 0x000000061d400000| Untracked 
| 118|0x000000061d800000, 0x000000061d800000, 0x000000061dc00000|  0%| F|  |TAMS 0x000000061d800000, 0x000000061d800000| Untracked 
| 119|0x000000061dc00000, 0x000000061dc00000, 0x000000061e000000|  0%| F|  |TAMS 0x000000061dc00000, 0x000000061dc00000| Untracked 
| 120|0x000000061e000000, 0x000000061e000000, 0x000000061e400000|  0%| F|  |TAMS 0x000000061e000000, 0x000000061e000000| Untracked 
| 121|0x000000061e400000, 0x000000061e400000, 0x000000061e800000|  0%| F|  |TAMS 0x000000061e400000, 0x000000061e400000| Untracked 
| 122|0x000000061e800000, 0x000000061e800000, 0x000000061ec00000|  0%| F|  |TAMS 0x000000061e800000, 0x000000061e800000| Untracked 
| 123|0x000000061ec00000, 0x000000061ec00000, 0x000000061f000000|  0%| F|  |TAMS 0x000000061ec00000, 0x000000061ec00000| Untracked 
| 124|0x000000061f000000, 0x000000061f000000, 0x000000061f400000|  0%| F|  |TAMS 0x000000061f000000, 0x000000061f000000| Untracked 
| 125|0x000000061f400000, 0x000000061f400000, 0x000000061f800000|  0%| F|  |TAMS 0x000000061f400000, 0x000000061f400000| Untracked 
| 126|0x000000061f800000, 0x000000061f800000, 0x000000061fc00000|  0%| F|  |TAMS 0x000000061f800000, 0x000000061f800000| Untracked 
| 127|0x000000061fc00000, 0x000000061fc00000, 0x0000000620000000|  0%| F|  |TAMS 0x000000061fc00000, 0x000000061fc00000| Untracked 
| 128|0x0000000620000000, 0x0000000620000000, 0x0000000620400000|  0%| F|  |TAMS 0x0000000620000000, 0x0000000620000000| Untracked 
| 129|0x0000000620400000, 0x0000000620400000, 0x0000000620800000|  0%| F|  |TAMS 0x0000000620400000, 0x0000000620400000| Untracked 
| 130|0x0000000620800000, 0x0000000620800000, 0x0000000620c00000|  0%| F|  |TAMS 0x0000000620800000, 0x0000000620800000| Untracked 
| 131|0x0000000620c00000, 0x0000000620c00000, 0x0000000621000000|  0%| F|  |TAMS 0x0000000620c00000, 0x0000000620c00000| Untracked 
| 132|0x0000000621000000, 0x0000000621000000, 0x0000000621400000|  0%| F|  |TAMS 0x0000000621000000, 0x0000000621000000| Untracked 
| 133|0x0000000621400000, 0x0000000621400000, 0x0000000621800000|  0%| F|  |TAMS 0x0000000621400000, 0x0000000621400000| Untracked 
| 134|0x0000000621800000, 0x0000000621800000, 0x0000000621c00000|  0%| F|  |TAMS 0x0000000621800000, 0x0000000621800000| Untracked 
| 135|0x0000000621c00000, 0x0000000621c00000, 0x0000000622000000|  0%| F|  |TAMS 0x0000000621c00000, 0x0000000621c00000| Untracked 
| 136|0x0000000622000000, 0x0000000622000000, 0x0000000622400000|  0%| F|  |TAMS 0x0000000622000000, 0x0000000622000000| Untracked 
| 137|0x0000000622400000, 0x0000000622400000, 0x0000000622800000|  0%| F|  |TAMS 0x0000000622400000, 0x0000000622400000| Untracked 
| 138|0x0000000622800000, 0x0000000622800000, 0x0000000622c00000|  0%| F|  |TAMS 0x0000000622800000, 0x0000000622800000| Untracked 
| 139|0x0000000622c00000, 0x0000000622c00000, 0x0000000623000000|  0%| F|  |TAMS 0x0000000622c00000, 0x0000000622c00000| Untracked 
| 140|0x0000000623000000, 0x0000000623000000, 0x0000000623400000|  0%| F|  |TAMS 0x0000000623000000, 0x0000000623000000| Untracked 
| 141|0x0000000623400000, 0x0000000623400000, 0x0000000623800000|  0%| F|  |TAMS 0x0000000623400000, 0x0000000623400000| Untracked 
| 142|0x0000000623800000, 0x0000000623800000, 0x0000000623c00000|  0%| F|  |TAMS 0x0000000623800000, 0x0000000623800000| Untracked 
| 143|0x0000000623c00000, 0x0000000623c00000, 0x0000000624000000|  0%| F|  |TAMS 0x0000000623c00000, 0x0000000623c00000| Untracked 
| 144|0x0000000624000000, 0x0000000624000000, 0x0000000624400000|  0%| F|  |TAMS 0x0000000624000000, 0x0000000624000000| Untracked 
| 145|0x0000000624400000, 0x0000000624400000, 0x0000000624800000|  0%| F|  |TAMS 0x0000000624400000, 0x0000000624400000| Untracked 
| 146|0x0000000624800000, 0x0000000624800000, 0x0000000624c00000|  0%| F|  |TAMS 0x0000000624800000, 0x0000000624800000| Untracked 
| 147|0x0000000624c00000, 0x0000000624c00000, 0x0000000625000000|  0%| F|  |TAMS 0x0000000624c00000, 0x0000000624c00000| Untracked 
| 148|0x0000000625000000, 0x0000000625000000, 0x0000000625400000|  0%| F|  |TAMS 0x0000000625000000, 0x0000000625000000| Untracked 
| 149|0x0000000625400000, 0x0000000625400000, 0x0000000625800000|  0%| F|  |TAMS 0x0000000625400000, 0x0000000625400000| Untracked 
| 150|0x0000000625800000, 0x0000000625800000, 0x0000000625c00000|  0%| F|  |TAMS 0x0000000625800000, 0x0000000625800000| Untracked 
| 151|0x0000000625c00000, 0x0000000625c00000, 0x0000000626000000|  0%| F|  |TAMS 0x0000000625c00000, 0x0000000625c00000| Untracked 
| 152|0x0000000626000000, 0x0000000626000000, 0x0000000626400000|  0%| F|  |TAMS 0x0000000626000000, 0x0000000626000000| Untracked 
| 153|0x0000000626400000, 0x0000000626400000, 0x0000000626800000|  0%| F|  |TAMS 0x0000000626400000, 0x0000000626400000| Untracked 

Card table byte_map: [0x0000016f3c880000,0x0000016f3d880000] _byte_map_base: 0x0000016f39880000

Marking Bits (Prev, Next): (CMBitMap*) 0x0000016f17ec1ec0, (CMBitMap*) 0x0000016f17ec1f00
 Prev Bits: [0x0000016f3e880000, 0x0000016f46880000)
 Next Bits: [0x0000016f46880000, 0x0000016f4e880000)

Polling page: 0x0000016f15d90000

Metaspace:

Usage:
  Non-class:    154.24 MB used.
      Class:     22.89 MB used.
       Both:    177.13 MB used.

Virtual space:
  Non-class space:      192.00 MB reserved,     154.75 MB ( 81%) committed,  3 nodes.
      Class space:        1.00 GB reserved,      23.31 MB (  2%) committed,  1 nodes.
             Both:        1.19 GB reserved,     178.06 MB ( 15%) committed. 

Chunk freelists:
   Non-Class:  4.41 MB
       Class:  8.50 MB
        Both:  12.91 MB

MaxMetaspaceSize: 4.00 GB
CompressedClassSpaceSize: 1.00 GB
Initial GC threshold: 21.00 MB
Current GC threshold: 264.19 MB
CDS: off
MetaspaceReclaimPolicy: balanced
 - commit_granule_bytes: 65536.
 - commit_granule_words: 8192.
 - virtual_space_node_default_size: 8388608.
 - enlarge_chunks_in_place: 1.
 - new_chunks_are_fully_committed: 0.
 - uncommit_free_chunks: 1.
 - use_allocation_guard: 0.
 - handle_deallocations: 1.


Internal statistics:

num_allocs_failed_limit: 21.
num_arena_births: 1376.
num_arena_deaths: 2.
num_vsnodes_births: 4.
num_vsnodes_deaths: 0.
num_space_committed: 2847.
num_space_uncommitted: 0.
num_chunks_returned_to_freelist: 25.
num_chunks_taken_from_freelist: 7957.
num_chunk_merges: 18.
num_chunk_splits: 5770.
num_chunks_enlarged: 4370.
num_inconsistent_stats: 0.

CodeHeap 'non-profiled nmethods': size=259264Kb used=12680Kb max_used=13356Kb free=246583Kb
 bounds [0x0000016f2b5f0000, 0x0000016f2c300000, 0x0000016f3b320000]
CodeHeap 'profiled nmethods': size=259264Kb used=36467Kb max_used=36606Kb free=222796Kb
 bounds [0x0000016f1b320000, 0x0000016f1d710000, 0x0000016f2b050000]
CodeHeap 'non-nmethods': size=5760Kb used=2631Kb max_used=2754Kb free=3128Kb
 bounds [0x0000016f2b050000, 0x0000016f2b310000, 0x0000016f2b5f0000]
 total_blobs=18958 nmethods=17749 adapters=1119
 compilation: enabled
              stopped_count=0, restarted_count=0
 full_count=0

Compilation events (20 events):
Event: 54.937 Thread 0x0000016f514df040 22131       3       kotlin.collections.CollectionsKt___CollectionsKt::plus (60 bytes)
Event: 54.938 Thread 0x0000016f514df040 nmethod 22131 0x0000016f1ce9cf10 code [0x0000016f1ce9d200, 0x0000016f1ce9e1c8]
Event: 54.938 Thread 0x0000016f514df040 22127       3       org.jetbrains.kotlin.load.java.typeEnhancement.SignatureParts::<init> (45 bytes)
Event: 54.939 Thread 0x0000016f514df040 nmethod 22127 0x0000016f1cd06690 code [0x0000016f1cd06940, 0x0000016f1cd075d8]
Event: 54.939 Thread 0x0000016f514df040 22128       3       org.jetbrains.kotlin.load.java.typeEnhancement.AbstractSignatureParts::<init> (5 bytes)
Event: 54.939 Thread 0x0000016f514df040 nmethod 22128 0x0000016f1ce9cb90 code [0x0000016f1ce9cd20, 0x0000016f1ce9ce78]
Event: 54.939 Thread 0x0000016f514df040 22129       3       org.jetbrains.kotlin.load.java.typeEnhancement.SignatureEnhancement::enhance (37 bytes)
Event: 54.939 Thread 0x0000016f514df040 nmethod 22129 0x0000016f1cd06090 code [0x0000016f1cd06240, 0x0000016f1cd06538]
Event: 54.941 Thread 0x0000016f514df040 22133       2       org.jetbrains.kotlin.com.intellij.psi.search.GlobalSearchScope$UnionScope$$Lambda$2319/0x0000000801200688::value (8 bytes)
Event: 54.941 Thread 0x0000016f514df040 nmethod 22133 0x0000016f1cd05c90 code [0x0000016f1cd05e40, 0x0000016f1cd05fa8]
Event: 54.941 Thread 0x0000016f514df040 22134       2       org.jetbrains.kotlin.com.intellij.psi.search.GlobalSearchScope$FileScope::isSearchInLibraries (13 bytes)
Event: 54.941 Thread 0x0000016f514df040 nmethod 22134 0x0000016f1cd05910 code [0x0000016f1cd05aa0, 0x0000016f1cd05bb8]
Event: 54.952 Thread 0x0000016f514df040 22136       2       org.jetbrains.kotlin.serialization.deserialization.descriptors.DeserializedPackageMemberScope::getNonDeclaredClassifierNames (4 bytes)
Event: 54.952 Thread 0x0000016f514df040 nmethod 22136 0x0000016f1cd05590 code [0x0000016f1cd05720, 0x0000016f1cd05838]
Event: 54.953 Thread 0x0000016f514df040 22137       1       org.jetbrains.kotlin.com.intellij.psi.search.GlobalSearchScope$NotScope::isSearchInLibraries (2 bytes)
Event: 54.953 Thread 0x0000016f514df040 nmethod 22137 0x0000016f2baafc10 code [0x0000016f2baafda0, 0x0000016f2baafe78]
Event: 54.953 Thread 0x0000016f514df040 22138       2       org.jetbrains.kotlin.com.intellij.util.io.UnsyncByteArrayInputStream::read (36 bytes)
Event: 54.953 Thread 0x0000016f514df040 nmethod 22138 0x0000016f1cd05190 code [0x0000016f1cd05320, 0x0000016f1cd05498]
Event: 54.968 Thread 0x0000016f514df040 22139       2       org.jetbrains.kotlin.utils.SmartList::toArray (157 bytes)
Event: 54.969 Thread 0x0000016f514df040 nmethod 22139 0x0000016f1cd04490 code [0x0000016f1cd046c0, 0x0000016f1cd04eb8]

GC Heap History (20 events):
Event: 26.418 GC heap after
{Heap after GC invocations=41 (full 0):
 garbage-first heap   total 630784K, used 138882K [0x0000000600000000, 0x0000000800000000)
  region size 4096K, 7 young (28672K), 7 survivors (28672K)
 Metaspace       used 93650K, committed 94400K, reserved 1179648K
  class space    used 12846K, committed 13184K, reserved 1048576K
}
Event: 27.640 GC heap before
{Heap before GC invocations=41 (full 0):
 garbage-first heap   total 630784K, used 487042K [0x0000000600000000, 0x0000000800000000)
  region size 4096K, 92 young (376832K), 7 survivors (28672K)
 Metaspace       used 93903K, committed 94592K, reserved 1179648K
  class space    used 12871K, committed 13184K, reserved 1048576K
}
Event: 27.653 GC heap after
{Heap after GC invocations=42 (full 0):
 garbage-first heap   total 630784K, used 138959K [0x0000000600000000, 0x0000000800000000)
  region size 4096K, 7 young (28672K), 7 survivors (28672K)
 Metaspace       used 93903K, committed 94592K, reserved 1179648K
  class space    used 12871K, committed 13184K, reserved 1048576K
}
Event: 38.241 GC heap before
{Heap before GC invocations=42 (full 0):
 garbage-first heap   total 630784K, used 483023K [0x0000000600000000, 0x0000000800000000)
  region size 4096K, 92 young (376832K), 7 survivors (28672K)
 Metaspace       used 96657K, committed 97344K, reserved 1179648K
  class space    used 13212K, committed 13568K, reserved 1048576K
}
Event: 38.262 GC heap after
{Heap after GC invocations=43 (full 0):
 garbage-first heap   total 630784K, used 150034K [0x0000000600000000, 0x0000000800000000)
  region size 4096K, 9 young (36864K), 9 survivors (36864K)
 Metaspace       used 96657K, committed 97344K, reserved 1179648K
  class space    used 13212K, committed 13568K, reserved 1048576K
}
Event: 41.269 GC heap before
{Heap before GC invocations=43 (full 0):
 garbage-first heap   total 630784K, used 485906K [0x0000000600000000, 0x0000000800000000)
  region size 4096K, 92 young (376832K), 9 survivors (36864K)
 Metaspace       used 96973K, committed 97664K, reserved 1179648K
  class space    used 13218K, committed 13568K, reserved 1048576K
}
Event: 41.318 GC heap after
{Heap after GC invocations=44 (full 0):
 garbage-first heap   total 630784K, used 185173K [0x0000000600000000, 0x0000000800000000)
  region size 4096K, 12 young (49152K), 12 survivors (49152K)
 Metaspace       used 96973K, committed 97664K, reserved 1179648K
  class space    used 13218K, committed 13568K, reserved 1048576K
}
Event: 45.394 GC heap before
{Heap before GC invocations=44 (full 0):
 garbage-first heap   total 630784K, used 475989K [0x0000000600000000, 0x0000000800000000)
  region size 4096K, 81 young (331776K), 12 survivors (49152K)
 Metaspace       used 117543K, committed 118336K, reserved 1179648K
  class space    used 16264K, committed 16640K, reserved 1048576K
}
Event: 45.432 GC heap after
{Heap after GC invocations=45 (full 0):
 garbage-first heap   total 630784K, used 217495K [0x0000000600000000, 0x0000000800000000)
  region size 4096K, 7 young (28672K), 7 survivors (28672K)
 Metaspace       used 117543K, committed 118336K, reserved 1179648K
  class space    used 16264K, committed 16640K, reserved 1048576K
}
Event: 48.144 GC heap before
{Heap before GC invocations=46 (full 0):
 garbage-first heap   total 630784K, used 520599K [0x0000000600000000, 0x0000000800000000)
  region size 4096K, 77 young (315392K), 7 survivors (28672K)
 Metaspace       used 139719K, committed 140480K, reserved 1179648K
  class space    used 18844K, committed 19200K, reserved 1048576K
}
Event: 48.181 GC heap after
{Heap after GC invocations=47 (full 0):
 garbage-first heap   total 630784K, used 265143K [0x0000000600000000, 0x0000000800000000)
  region size 4096K, 10 young (40960K), 10 survivors (40960K)
 Metaspace       used 139719K, committed 140480K, reserved 1179648K
  class space    used 18844K, committed 19200K, reserved 1048576K
}
Event: 48.189 GC heap before
{Heap before GC invocations=47 (full 0):
 garbage-first heap   total 630784K, used 269239K [0x0000000600000000, 0x0000000800000000)
  region size 4096K, 11 young (45056K), 10 survivors (40960K)
 Metaspace       used 139728K, committed 140480K, reserved 1179648K
  class space    used 18844K, committed 19200K, reserved 1048576K
}
Event: 48.214 GC heap after
{Heap after GC invocations=48 (full 0):
 garbage-first heap   total 630784K, used 268561K [0x0000000600000000, 0x0000000800000000)
  region size 4096K, 2 young (8192K), 2 survivors (8192K)
 Metaspace       used 139728K, committed 140480K, reserved 1179648K
  class space    used 18844K, committed 19200K, reserved 1048576K
}
Event: 50.419 GC heap before
{Heap before GC invocations=48 (full 0):
 garbage-first heap   total 630784K, used 497937K [0x0000000600000000, 0x0000000800000000)
  region size 4096K, 58 young (237568K), 2 survivors (8192K)
 Metaspace       used 161271K, committed 162112K, reserved 1245184K
  class space    used 21161K, committed 21568K, reserved 1048576K
}
Event: 50.430 GC heap after
{Heap after GC invocations=49 (full 0):
 garbage-first heap   total 630784K, used 275765K [0x0000000600000000, 0x0000000800000000)
  region size 4096K, 4 young (16384K), 4 survivors (16384K)
 Metaspace       used 161271K, committed 162112K, reserved 1245184K
  class space    used 21161K, committed 21568K, reserved 1048576K
}
Event: 52.984 GC heap before
{Heap before GC invocations=50 (full 0):
 garbage-first heap   total 630784K, used 484661K [0x0000000600000000, 0x0000000800000000)
  region size 4096K, 59 young (241664K), 4 survivors (16384K)
 Metaspace       used 173448K, committed 174400K, reserved 1245184K
  class space    used 22401K, committed 22848K, reserved 1048576K
}
Event: 52.995 GC heap after
{Heap after GC invocations=51 (full 0):
 garbage-first heap   total 630784K, used 268853K [0x0000000600000000, 0x0000000800000000)
  region size 4096K, 6 young (24576K), 6 survivors (24576K)
 Metaspace       used 173448K, committed 174400K, reserved 1245184K
  class space    used 22401K, committed 22848K, reserved 1048576K
}
Event: 53.003 GC heap before
{Heap before GC invocations=51 (full 0):
 garbage-first heap   total 630784K, used 272949K [0x0000000600000000, 0x0000000800000000)
  region size 4096K, 7 young (28672K), 6 survivors (24576K)
 Metaspace       used 173448K, committed 174400K, reserved 1245184K
  class space    used 22401K, committed 22848K, reserved 1048576K
}
Event: 53.015 GC heap after
{Heap after GC invocations=52 (full 0):
 garbage-first heap   total 630784K, used 243040K [0x0000000600000000, 0x0000000800000000)
  region size 4096K, 1 young (4096K), 1 survivors (4096K)
 Metaspace       used 173448K, committed 174400K, reserved 1245184K
  class space    used 22401K, committed 22848K, reserved 1048576K
}
Event: 54.972 GC heap before
{Heap before GC invocations=52 (full 0):
 garbage-first heap   total 630784K, used 501088K [0x0000000600000000, 0x0000000800000000)
  region size 4096K, 63 young (258048K), 1 survivors (4096K)
 Metaspace       used 181385K, committed 182336K, reserved 1245184K
  class space    used 23443K, committed 23872K, reserved 1048576K
}

Dll operation events (3 events):
Event: 0.008 Loaded shared library C:\Program Files\Android\Android Studio\jbr\bin\java.dll
Event: 0.156 Loaded shared library C:\Program Files\Android\Android Studio\jbr\bin\zip.dll
Event: 0.625 Loaded shared library C:\Program Files\Android\Android Studio\jbr\bin\verify.dll

Deoptimization events (20 events):
Event: 54.366 Thread 0x0000016f57efbeb0 Uncommon trap: trap_request=0xffffff45 fr.pc=0x0000016f2c2f9950 relative=0x00000000000010d0
Event: 54.366 Thread 0x0000016f57efbeb0 Uncommon trap: reason=unstable_if action=reinterpret pc=0x0000016f2c2f9950 method=com.sun.beans.introspect.MethodInfo$MethodOrder.compare(Ljava/lang/reflect/Method;Ljava/lang/reflect/Method;)I @ 124 c2
Event: 54.366 Thread 0x0000016f57efbeb0 DEOPT PACKING pc=0x0000016f2c2f9950 sp=0x0000005aee1f4320
Event: 54.366 Thread 0x0000016f57efbeb0 DEOPT UNPACKING pc=0x0000016f2b0a69a3 sp=0x0000005aee1f42c0 mode 2
Event: 54.480 Thread 0x0000016f57efbeb0 Uncommon trap: trap_request=0xffffff45 fr.pc=0x0000016f2be5ced8 relative=0x0000000000001338
Event: 54.480 Thread 0x0000016f57efbeb0 Uncommon trap: reason=unstable_if action=reinterpret pc=0x0000016f2be5ced8 method=org.codehaus.groovy.runtime.metaclass.MetaMethodIndex.isOverridden(Lgroovy/lang/MetaMethod;Lgroovy/lang/MetaMethod;)Z @ 52 c2
Event: 54.480 Thread 0x0000016f57efbeb0 DEOPT PACKING pc=0x0000016f2be5ced8 sp=0x0000005aee1f0730
Event: 54.480 Thread 0x0000016f57efbeb0 DEOPT UNPACKING pc=0x0000016f2b0a69a3 sp=0x0000005aee1f0688 mode 2
Event: 54.544 Thread 0x0000016f57efbeb0 Uncommon trap: trap_request=0xfffffff4 fr.pc=0x0000016f2b68507c relative=0x00000000000031fc
Event: 54.544 Thread 0x0000016f57efbeb0 Uncommon trap: reason=null_check action=make_not_entrant pc=0x0000016f2b68507c method=java.lang.PublicMethods$MethodList.getMostSpecific()Ljava/lang/reflect/Method; @ 41 c2
Event: 54.544 Thread 0x0000016f57efbeb0 DEOPT PACKING pc=0x0000016f2b68507c sp=0x0000005aee1efbb0
Event: 54.544 Thread 0x0000016f57efbeb0 DEOPT UNPACKING pc=0x0000016f2b0a69a3 sp=0x0000005aee1efaa0 mode 2
Event: 54.622 Thread 0x0000016f57efbeb0 Uncommon trap: trap_request=0xfffffff4 fr.pc=0x0000016f2b860afc relative=0x000000000000093c
Event: 54.622 Thread 0x0000016f57efbeb0 Uncommon trap: reason=null_check action=make_not_entrant pc=0x0000016f2b860afc method=jdk.internal.loader.URLClassPath$JarLoader.getResource(Ljava/lang/String;ZLjava/util/Set;)Ljdk/internal/loader/Resource; @ 92 c2
Event: 54.622 Thread 0x0000016f57efbeb0 DEOPT PACKING pc=0x0000016f2b860afc sp=0x0000005aee1f48f0
Event: 54.622 Thread 0x0000016f57efbeb0 DEOPT UNPACKING pc=0x0000016f2b0a69a3 sp=0x0000005aee1f4858 mode 2
Event: 54.754 Thread 0x0000016f57efbeb0 Uncommon trap: trap_request=0xffffffde fr.pc=0x0000016f2c137628 relative=0x0000000000002a48
Event: 54.754 Thread 0x0000016f57efbeb0 Uncommon trap: reason=class_check action=maybe_recompile pc=0x0000016f2c137628 method=org.jetbrains.org.objectweb.asm.ClassReader.readElementValue(Lorg/jetbrains/org/objectweb/asm/AnnotationVisitor;ILjava/lang/String;[C)I @ 536 c2
Event: 54.754 Thread 0x0000016f57efbeb0 DEOPT PACKING pc=0x0000016f2c137628 sp=0x0000005aee1f0c70
Event: 54.754 Thread 0x0000016f57efbeb0 DEOPT UNPACKING pc=0x0000016f2b0a69a3 sp=0x0000005aee1f0bf0 mode 2

Classes unloaded (4 events):
Event: 50.672 Thread 0x0000016f4ea7e610 Unloading class 0x0000000800e44548 '_BuildScript_$_run_closure1'
Event: 50.672 Thread 0x0000016f4ea7e610 Unloading class 0x0000000800e44000 '_BuildScript_'
Event: 50.672 Thread 0x0000016f4ea7e610 Unloading class 0x0000000800e38aa8 'NativePluginLoader$_getPlugins_closure1'
Event: 50.672 Thread 0x0000016f4ea7e610 Unloading class 0x0000000800e38800 'NativePluginLoader'

Classes redefined (0 events):
No events

Internal exceptions (20 events):
Event: 54.593 Thread 0x0000016f57efbeb0 Exception <a 'java/lang/ClassNotFoundException'{0x000000061b459988}: com/android/build/gradle/internal/dsl/BaseFlavorBeanInfo> (0x000000061b459988) 
thrown [s\src\hotspot\share\classfile\systemDictionary.cpp, line 256]
Event: 54.594 Thread 0x0000016f57efbeb0 Exception <a 'java/lang/ClassNotFoundException'{0x000000061b46a980}: com/android/builder/core/AbstractProductFlavorBeanInfo> (0x000000061b46a980) 
thrown [s\src\hotspot\share\classfile\systemDictionary.cpp, line 256]
Event: 54.595 Thread 0x0000016f57efbeb0 Exception <a 'java/lang/ClassNotFoundException'{0x000000061b47b9e8}: com/android/builder/core/AbstractProductFlavorCustomizer> (0x000000061b47b9e8) 
thrown [s\src\hotspot\share\classfile\systemDictionary.cpp, line 256]
Event: 54.597 Thread 0x0000016f57efbeb0 Exception <a 'java/lang/ClassNotFoundException'{0x000000061b4c8318}: com/android/build/gradle/internal/dsl/BaseFlavorCustomizer> (0x000000061b4c8318) 
thrown [s\src\hotspot\share\classfile\systemDictionary.cpp, line 256]
Event: 54.599 Thread 0x0000016f57efbeb0 Exception <a 'java/lang/ClassNotFoundException'{0x000000061b5353f0}: com/android/build/gradle/internal/dsl/DefaultConfigCustomizer> (0x000000061b5353f0) 
thrown [s\src\hotspot\share\classfile\systemDictionary.cpp, line 256]
Event: 54.600 Thread 0x0000016f57efbeb0 Exception <a 'java/lang/ClassNotFoundException'{0x000000061b55deb0}: com/android/build/gradle/internal/dsl/DefaultConfig$AgpDecoratedCustomizer> (0x000000061b55deb0) 
thrown [s\src\hotspot\share\classfile\systemDictionary.cpp, line 256]
Event: 54.601 Thread 0x0000016f57efbeb0 Exception <a 'java/lang/ClassNotFoundException'{0x000000061b5b7f38}: com/android/build/gradle/internal/dsl/DefaultConfig$AgpDecorated_DecoratedCustomizer> (0x000000061b5b7f38) 
thrown [s\src\hotspot\share\classfile\systemDictionary.cpp, line 256]
Event: 54.609 Thread 0x0000016f57efbeb0 Exception <a 'java/lang/ClassNotFoundException'{0x000000061b6f8828}: com/android/build/gradle/internal/dsl/ExternalNativeBuildOptions_DecoratedBeanInfo> (0x000000061b6f8828) 
thrown [s\src\hotspot\share\classfile\systemDictionary.cpp, line 256]
Event: 54.609 Thread 0x0000016f57efbeb0 Exception <a 'java/lang/ClassNotFoundException'{0x000000061b70af20}: com/android/build/gradle/internal/dsl/ExternalNativeBuildOptionsBeanInfo> (0x000000061b70af20) 
thrown [s\src\hotspot\share\classfile\systemDictionary.cpp, line 256]
Event: 54.610 Thread 0x0000016f57efbeb0 Exception <a 'java/lang/ClassNotFoundException'{0x000000061b71d620}: com/android/build/gradle/internal/dsl/ExternalNativeBuildOptionsCustomizer> (0x000000061b71d620) 
thrown [s\src\hotspot\share\classfile\systemDictionary.cpp, line 256]
Event: 54.611 Thread 0x0000016f57efbeb0 Exception <a 'java/lang/ClassNotFoundException'{0x000000061b7409f0}: com/android/build/gradle/internal/dsl/ExternalNativeBuildOptions_DecoratedCustomizer> (0x000000061b7409f0) 
thrown [s\src\hotspot\share\classfile\systemDictionary.cpp, line 256]
Event: 54.614 Thread 0x0000016f57efbeb0 Exception <a 'java/lang/ClassNotFoundException'{0x000000061b799928}: com/android/build/gradle/internal/dsl/ExternalNativeCmakeOptions_DecoratedBeanInfo> (0x000000061b799928) 
thrown [s\src\hotspot\share\classfile\systemDictionary.cpp, line 256]
Event: 54.614 Thread 0x0000016f57efbeb0 Exception <a 'java/lang/ClassNotFoundException'{0x000000061b7ad2b0}: com/android/build/gradle/internal/dsl/ExternalNativeCmakeOptionsBeanInfo> (0x000000061b7ad2b0) 
thrown [s\src\hotspot\share\classfile\systemDictionary.cpp, line 256]
Event: 54.615 Thread 0x0000016f57efbeb0 Exception <a 'java/lang/ClassNotFoundException'{0x000000061b7c0c48}: com/android/build/gradle/internal/dsl/ExternalNativeCmakeOptionsCustomizer> (0x000000061b7c0c48) 
thrown [s\src\hotspot\share\classfile\systemDictionary.cpp, line 256]
Event: 54.616 Thread 0x0000016f57efbeb0 Exception <a 'java/lang/ClassNotFoundException'{0x000000061b7e8790}: com/android/build/gradle/internal/dsl/ExternalNativeCmakeOptions_DecoratedCustomizer> (0x000000061b7e8790) 
thrown [s\src\hotspot\share\classfile\systemDictionary.cpp, line 256]
Event: 54.622 Thread 0x0000016f57efbeb0 Implicit null exception at 0x0000016f2b860560 to 0x0000016f2b860ab0
Event: 54.623 Thread 0x0000016f57efbeb0 Exception <a 'java/lang/ClassNotFoundException'{0x000000061b086eb8}: org/apache/tools/ant/taskdefs/condition/OsBeanInfo> (0x000000061b086eb8) 
thrown [s\src\hotspot\share\classfile\systemDictionary.cpp, line 256]
Event: 54.625 Thread 0x0000016f57efbeb0 Exception <a 'java/lang/ClassNotFoundException'{0x000000061b0adc70}: org/apache/tools/ant/taskdefs/condition/OsCustomizer> (0x000000061b0adc70) 
thrown [s\src\hotspot\share\classfile\systemDictionary.cpp, line 256]
Event: 54.647 Thread 0x0000016f57efbeb0 Exception <a 'sun/nio/fs/WindowsException'{0x000000061b1ee508}> (0x000000061b1ee508) 
thrown [s\src\hotspot\share\prims\jni.cpp, line 531]
Event: 54.648 Thread 0x0000016f57efbeb0 Exception <a 'sun/nio/fs/WindowsException'{0x000000061b1f0d60}> (0x000000061b1f0d60) 
thrown [s\src\hotspot\share\prims\jni.cpp, line 531]

VM Operations (20 events):
Event: 52.995 Executing VM operation: G1CollectForAllocation done
Event: 53.003 Executing VM operation: G1CollectForAllocation
Event: 53.015 Executing VM operation: G1CollectForAllocation done
Event: 53.667 Executing VM operation: HandshakeAllThreads
Event: 53.667 Executing VM operation: HandshakeAllThreads done
Event: 53.787 Executing VM operation: ICBufferFull
Event: 53.787 Executing VM operation: ICBufferFull done
Event: 54.127 Executing VM operation: HandshakeAllThreads
Event: 54.127 Executing VM operation: HandshakeAllThreads done
Event: 54.156 Executing VM operation: HandshakeAllThreads
Event: 54.156 Executing VM operation: HandshakeAllThreads done
Event: 54.229 Executing VM operation: ICBufferFull
Event: 54.229 Executing VM operation: ICBufferFull done
Event: 54.263 Executing VM operation: HandshakeAllThreads
Event: 54.264 Executing VM operation: HandshakeAllThreads done
Event: 54.671 Executing VM operation: ICBufferFull
Event: 54.672 Executing VM operation: ICBufferFull done
Event: 54.931 Executing VM operation: ICBufferFull
Event: 54.932 Executing VM operation: ICBufferFull done
Event: 54.972 Executing VM operation: G1CollectForAllocation

Events (20 events):
Event: 54.343 loading class java/util/LinkedHashMapBeanInfo
Event: 54.343 loading class java/util/LinkedHashMapBeanInfo done
Event: 54.343 loading class java/util/LinkedHashMapBeanInfo
Event: 54.343 loading class java/util/LinkedHashMapBeanInfo done
Event: 54.343 loading class java/util/HashMapBeanInfo
Event: 54.343 loading class java/util/HashMapBeanInfo done
Event: 54.344 loading class java/util/HashMapBeanInfo
Event: 54.344 loading class java/util/HashMapBeanInfo done
Event: 54.344 loading class java/util/HashMapCustomizer
Event: 54.344 loading class java/util/HashMapCustomizer done
Event: 54.344 loading class java/util/HashMapCustomizer
Event: 54.344 loading class java/util/HashMapCustomizer done
Event: 54.345 loading class java/util/LinkedHashMapCustomizer
Event: 54.345 loading class java/util/LinkedHashMapCustomizer done
Event: 54.345 loading class java/util/LinkedHashMapCustomizer
Event: 54.345 loading class java/util/LinkedHashMapCustomizer done
Event: 54.490 loading class java/beans/IntrospectionException
Event: 54.490 loading class java/beans/IntrospectionException done
Event: 54.622 loading class jdk/internal/loader/URLClassPath$JarLoader$3
Event: 54.622 loading class jdk/internal/loader/URLClassPath$JarLoader$3 done


Dynamic libraries:
0x00007ff78c240000 - 0x00007ff78c24a000 	C:\Program Files\Android\Android Studio\jbr\bin\java.exe
0x00007ffcae6d0000 - 0x00007ffcae8e7000 	C:\WINDOWS\SYSTEM32\ntdll.dll
0x00007ffcad670000 - 0x00007ffcad734000 	C:\WINDOWS\System32\KERNEL32.DLL
0x00007ffcabca0000 - 0x00007ffcac073000 	C:\WINDOWS\System32\KERNELBASE.dll
0x00007ffcab930000 - 0x00007ffcaba41000 	C:\WINDOWS\System32\ucrtbase.dll
0x00007ffc98720000 - 0x00007ffc98737000 	C:\Program Files\Android\Android Studio\jbr\bin\jli.dll
0x00007ffc9a030000 - 0x00007ffc9a04b000 	C:\Program Files\Android\Android Studio\jbr\bin\VCRUNTIME140.dll
0x00007ffcad7a0000 - 0x00007ffcad951000 	C:\WINDOWS\System32\USER32.dll
0x00007ffcaba50000 - 0x00007ffcaba76000 	C:\WINDOWS\System32\win32u.dll
0x00007ffc92a20000 - 0x00007ffc92cb8000 	C:\WINDOWS\WinSxS\amd64_microsoft.windows.common-controls_6595b64144ccf1df_6.0.22621.5124_none_270e8f4f7386d69d\COMCTL32.dll
0x00007ffcad580000 - 0x00007ffcad5a9000 	C:\WINDOWS\System32\GDI32.dll
0x00007ffcad0e0000 - 0x00007ffcad187000 	C:\WINDOWS\System32\msvcrt.dll
0x00007ffcac1e0000 - 0x00007ffcac2fb000 	C:\WINDOWS\System32\gdi32full.dll
0x00007ffcac080000 - 0x00007ffcac11a000 	C:\WINDOWS\System32\msvcp_win.dll
0x00007ffcad960000 - 0x00007ffcad991000 	C:\WINDOWS\System32\IMM32.DLL
0x00007ffca6a10000 - 0x00007ffca6a1c000 	C:\Program Files\Android\Android Studio\jbr\bin\vcruntime140_1.dll
0x00007ffc69f60000 - 0x00007ffc69fed000 	C:\Program Files\Android\Android Studio\jbr\bin\msvcp140.dll
0x00007ffc60da0000 - 0x00007ffc61a23000 	C:\Program Files\Android\Android Studio\jbr\bin\server\jvm.dll
0x00007ffcada20000 - 0x00007ffcadad1000 	C:\WINDOWS\System32\ADVAPI32.dll
0x00007ffcad5b0000 - 0x00007ffcad658000 	C:\WINDOWS\System32\sechost.dll
0x00007ffcabc70000 - 0x00007ffcabc98000 	C:\WINDOWS\System32\bcrypt.dll
0x00007ffcad280000 - 0x00007ffcad394000 	C:\WINDOWS\System32\RPCRT4.dll
0x00007ffcaa640000 - 0x00007ffcaa68d000 	C:\WINDOWS\SYSTEM32\POWRPROF.dll
0x00007ffc8ebd0000 - 0x00007ffc8ebd9000 	C:\WINDOWS\SYSTEM32\WSOCK32.dll
0x00007ffca4a30000 - 0x00007ffca4a64000 	C:\WINDOWS\SYSTEM32\WINMM.dll
0x00007ffca3d50000 - 0x00007ffca3d5a000 	C:\WINDOWS\SYSTEM32\VERSION.dll
0x00007ffcad9a0000 - 0x00007ffcada11000 	C:\WINDOWS\System32\WS2_32.dll
0x00007ffcaa620000 - 0x00007ffcaa633000 	C:\WINDOWS\SYSTEM32\UMPDC.dll
0x00007ffcaa8d0000 - 0x00007ffcaa8e8000 	C:\WINDOWS\SYSTEM32\kernel.appcore.dll
0x00007ffca7b80000 - 0x00007ffca7b8a000 	C:\Program Files\Android\Android Studio\jbr\bin\jimage.dll
0x00007ffc93180000 - 0x00007ffc933b2000 	C:\WINDOWS\SYSTEM32\DBGHELP.DLL
0x00007ffcadcb0000 - 0x00007ffcae042000 	C:\WINDOWS\System32\combase.dll
0x00007ffcad190000 - 0x00007ffcad267000 	C:\WINDOWS\System32\OLEAUT32.dll
0x00007ffc929e0000 - 0x00007ffc92a12000 	C:\WINDOWS\SYSTEM32\dbgcore.DLL
0x00007ffcac300000 - 0x00007ffcac37b000 	C:\WINDOWS\System32\bcryptPrimitives.dll
0x00007ffc9e880000 - 0x00007ffc9e88e000 	C:\Program Files\Android\Android Studio\jbr\bin\instrument.dll
0x00007ffc99fc0000 - 0x00007ffc99fe5000 	C:\Program Files\Android\Android Studio\jbr\bin\java.dll
0x00007ffc9a050000 - 0x00007ffc9a068000 	C:\Program Files\Android\Android Studio\jbr\bin\zip.dll
0x00007ffcac840000 - 0x00007ffcad0d6000 	C:\WINDOWS\System32\SHELL32.dll
0x00007ffcab7f0000 - 0x00007ffcab92f000 	C:\WINDOWS\System32\wintypes.dll
0x00007ffca96e0000 - 0x00007ffca9ffa000 	C:\WINDOWS\SYSTEM32\windows.storage.dll
0x00007ffcad410000 - 0x00007ffcad51a000 	C:\WINDOWS\System32\SHCORE.dll
0x00007ffcac7d0000 - 0x00007ffcac833000 	C:\WINDOWS\System32\shlwapi.dll
0x00007ffcab720000 - 0x00007ffcab74b000 	C:\WINDOWS\SYSTEM32\profapi.dll
0x00007ffc99190000 - 0x00007ffc991a9000 	C:\Program Files\Android\Android Studio\jbr\bin\net.dll
0x00007ffca4780000 - 0x00007ffca48ac000 	C:\WINDOWS\SYSTEM32\WINHTTP.dll
0x00007ffcaad40000 - 0x00007ffcaadaa000 	C:\WINDOWS\system32\mswsock.dll
0x00007ffc99170000 - 0x00007ffc99186000 	C:\Program Files\Android\Android Studio\jbr\bin\nio.dll
0x00007ffca06e0000 - 0x00007ffca06f0000 	C:\Program Files\Android\Android Studio\jbr\bin\verify.dll
0x00007ffc8eba0000 - 0x00007ffc8ebc7000 	C:\Users\Motaz\.gradle\native\c067742578af261105cb4f569cf0c3c89f3d7b1fecec35dd04571415982c5e48\windows-amd64\native-platform.dll
0x00007ffc61de0000 - 0x00007ffc61f24000 	C:\Users\Motaz\.gradle\native\100fb08df4bc3b14c8652ba06237920a3bd2aa13389f12d3474272988ae205f9\windows-amd64\native-platform-file-events.dll
0x00007ffca7340000 - 0x00007ffca7349000 	C:\Program Files\Android\Android Studio\jbr\bin\management.dll
0x00007ffca33b0000 - 0x00007ffca33bb000 	C:\Program Files\Android\Android Studio\jbr\bin\management_ext.dll
0x00007ffcad660000 - 0x00007ffcad668000 	C:\WINDOWS\System32\PSAPI.DLL
0x00007ffcab090000 - 0x00007ffcab0ab000 	C:\WINDOWS\SYSTEM32\CRYPTSP.dll
0x00007ffcaa830000 - 0x00007ffcaa867000 	C:\WINDOWS\system32\rsaenh.dll
0x00007ffcaade0000 - 0x00007ffcaae08000 	C:\WINDOWS\SYSTEM32\USERENV.dll
0x00007ffcab070000 - 0x00007ffcab07c000 	C:\WINDOWS\SYSTEM32\CRYPTBASE.dll
0x00007ffcaa310000 - 0x00007ffcaa33d000 	C:\WINDOWS\SYSTEM32\IPHLPAPI.DLL
0x00007ffcad570000 - 0x00007ffcad579000 	C:\WINDOWS\System32\NSI.dll
0x00007ffca52d0000 - 0x00007ffca52e9000 	C:\WINDOWS\SYSTEM32\dhcpcsvc6.DLL
0x00007ffca4540000 - 0x00007ffca455f000 	C:\WINDOWS\SYSTEM32\dhcpcsvc.DLL
0x00007ffcaa390000 - 0x00007ffcaa492000 	C:\WINDOWS\SYSTEM32\DNSAPI.dll
0x00007ffca7b70000 - 0x00007ffca7b79000 	C:\Program Files\Android\Android Studio\jbr\bin\extnet.dll
0x00007ffc80fb0000 - 0x00007ffc80fb8000 	C:\WINDOWS\system32\wshunix.dll
0x00007ffc89670000 - 0x00007ffc89687000 	C:\WINDOWS\system32\napinsp.dll
0x00007ffc89650000 - 0x00007ffc8966b000 	C:\WINDOWS\system32\pnrpnsp.dll
0x00007ffc89630000 - 0x00007ffc89641000 	C:\WINDOWS\System32\winrnr.dll
0x00007ffca3820000 - 0x00007ffca3835000 	C:\WINDOWS\system32\wshbth.dll
0x00007ffc86880000 - 0x00007ffc868a7000 	C:\WINDOWS\system32\nlansp_c.dll
0x0000000064110000 - 0x0000000064136000 	C:\Program Files\Bonjour\mdnsNSP.dll
0x00007ffca52c0000 - 0x00007ffca52ca000 	C:\Windows\System32\rasadhlp.dll
0x00007ffca3770000 - 0x00007ffca37f3000 	C:\WINDOWS\System32\fwpuclnt.dll
0x00007ffca1610000 - 0x00007ffca162e000 	C:\Users\Motaz\AppData\Local\Temp\native-platform1856432767595260560dir\native-platform.dll
0x00007ffca3570000 - 0x00007ffca3577000 	C:\Program Files\Android\Android Studio\jbr\bin\rmi.dll
0x00007ffcaa9e0000 - 0x00007ffcaaa14000 	C:\WINDOWS\SYSTEM32\ntmarta.dll

dbghelp: loaded successfully - version: 4.0.5 - missing functions: none
symbol engine: initialized successfully - sym options: 0x614 - pdb path: .;C:\Program Files\Android\Android Studio\jbr\bin;C:\WINDOWS\SYSTEM32;C:\WINDOWS\WinSxS\amd64_microsoft.windows.common-controls_6595b64144ccf1df_6.0.22621.5124_none_270e8f4f7386d69d;C:\Program Files\Android\Android Studio\jbr\bin\server;C:\Users\Motaz\.gradle\native\c067742578af261105cb4f569cf0c3c89f3d7b1fecec35dd04571415982c5e48\windows-amd64;C:\Users\Motaz\.gradle\native\100fb08df4bc3b14c8652ba06237920a3bd2aa13389f12d3474272988ae205f9\windows-amd64;C:\Program Files\Bonjour;C:\Users\Motaz\AppData\Local\Temp\native-platform1856432767595260560dir

VM Arguments:
jvm_args: -XX:MaxMetaspaceSize=4G -XX:ReservedCodeCacheSize=512m -XX:+HeapDumpOnOutOfMemoryError --add-opens=java.base/java.util=ALL-UNNAMED --add-opens=java.base/java.lang=ALL-UNNAMED --add-opens=java.base/java.lang.invoke=ALL-UNNAMED --add-opens=java.prefs/java.util.prefs=ALL-UNNAMED --add-exports=jdk.compiler/com.sun.tools.javac.api=ALL-UNNAMED --add-exports=jdk.compiler/com.sun.tools.javac.util=ALL-UNNAMED --add-opens=java.base/java.nio.charset=ALL-UNNAMED --add-opens=java.base/java.net=ALL-UNNAMED --add-opens=java.base/java.util.concurrent.atomic=ALL-UNNAMED -Xmx8G -Dfile.encoding=windows-1252 -Duser.country=FR -Duser.language=fr -Duser.variant -javaagent:C:\Users\Motaz\.gradle\wrapper\dists\gradle-8.10.2-all\7iv73wktx1xtkvlq19urqw1wm\gradle-8.10.2\lib\agents\gradle-instrumentation-agent-8.10.2.jar 
java_command: org.gradle.launcher.daemon.bootstrap.GradleDaemon 8.10.2
java_class_path (initial): C:\Users\Motaz\.gradle\wrapper\dists\gradle-8.10.2-all\7iv73wktx1xtkvlq19urqw1wm\gradle-8.10.2\lib\gradle-daemon-main-8.10.2.jar
Launcher Type: SUN_STANDARD

[Global flags]
     intx CICompilerCount                          = 4                                         {product} {ergonomic}
     uint ConcGCThreads                            = 2                                         {product} {ergonomic}
     uint G1ConcRefinementThreads                  = 8                                         {product} {ergonomic}
   size_t G1HeapRegionSize                         = 4194304                                   {product} {ergonomic}
    uintx GCDrainStackTargetSize                   = 64                                        {product} {ergonomic}
     bool HeapDumpOnOutOfMemoryError               = true                                   {manageable} {command line}
   size_t InitialHeapSize                          = 268435456                                 {product} {ergonomic}
   size_t MarkStackSize                            = 4194304                                   {product} {ergonomic}
   size_t MaxHeapSize                              = 8589934592                                {product} {command line}
   size_t MaxMetaspaceSize                         = 4294967296                                {product} {command line}
   size_t MaxNewSize                               = 5150605312                                {product} {ergonomic}
   size_t MinHeapDeltaBytes                        = 4194304                                   {product} {ergonomic}
   size_t MinHeapSize                              = 8388608                                   {product} {ergonomic}
    uintx NonNMethodCodeHeapSize                   = 5839372                                {pd product} {ergonomic}
    uintx NonProfiledCodeHeapSize                  = 265515770                              {pd product} {ergonomic}
    uintx ProfiledCodeHeapSize                     = 265515770                              {pd product} {ergonomic}
    uintx ReservedCodeCacheSize                    = 536870912                              {pd product} {command line}
     bool SegmentedCodeCache                       = true                                      {product} {ergonomic}
   size_t SoftMaxHeapSize                          = 8589934592                             {manageable} {ergonomic}
   double SweeperThreshold                         = 0.234375                                  {product} {ergonomic}
     bool UseCompressedClassPointers               = true                           {product lp64_product} {ergonomic}
     bool UseCompressedOops                        = true                           {product lp64_product} {ergonomic}
     bool UseG1GC                                  = true                                      {product} {ergonomic}
     bool UseLargePagesIndividualAllocation        = false                                  {pd product} {ergonomic}

Logging:
Log output configuration:
 #0: stdout all=warning uptime,level,tags
 #1: stderr all=off uptime,level,tags

Environment Variables:
JAVA_HOME=C:\Program Files\Android\Android Studio\jbr
CLASSPATH=C:\Users\Motaz\mm Dropbox\Motaz Sammoud\PC\Desktop\pim\Pim-main\android\\gradle\wrapper\gradle-wrapper.jar
PATH=C:\Program Files\Android\Android Studio\jbr\bin;C:\Program Files (x86)\VMware\VMware Workstation\bin\;C:\Program Files\Common Files\Oracle\Java\javapath;C:\Python312\Scripts\;C:\Python312\;C:\WINDOWS\system32;C:\WINDOWS;C:\WINDOWS\System32\Wbem;C:\WINDOWS\System32\WindowsPowerShell\v1.0\;C:\WINDOWS\System32\OpenSSH\;C:\wamp64\bin\php\php7.4.33;C:\Program Files\Git\cmd;C:\Program Files\Git\mingw64\bin;C:\Program Files\Git\usr\bin;C:\Program Files (x86)\php-8.2.3-Win32-vs16-x64;C:\composer;C:\xampp\php;C:\Users\Motaz\AppData\Local\Pub\Cache\bin;C:\Users\Motaz\AppData\Local\Pub\Cache\bin;C:\Users\Motaz\scoop\shims;C:\Users\Motaz\AppData\Local\Microsoft\WindowsApps;C:\Users\Motaz\AppData\Local\Programs\Microsoft VS Code\bin;C:\Users\Motaz\AppData\Roaming\Composer\vendor\bin;C:\Program Files\JetBrains\PhpStorm 2022.3.2\bin;C:\src\flutter\flutter\bin;C:\Users\Motaz\AppData\Roaming\npm;C:\Users\Motaz\mm Dropbox\Motaz Sammoud\PC\Downloads\firebase-tools-instant-win.exe;C:\adb;C:\Program Files\nodejs\;C:\Program Files\MongoDB\Server\7.0\bin;C:\mongosh-2.0.2-win32-x64\bin;C:\Program Files\Docker\Docker\resources\bin;C:\Program Files\Microsoft SQL Server\150\Tools\Binn\;C:\Program Files\dotnet\;C:\Program Files\Amazon\AWSCLIV2\;C:\Program Files\PuTTY\;C:\ProgramData\chocolatey\bin;C:\Program Files\MongoDB\Server\8.0\bin;C:\Program Files\Java\jdk-17\bin;C:\php-8.4.4-src;C:\Program Files\Microsoft SQL Server\Client SDK\ODBC\170\Tools\Binn\;C:\Users\Motaz\scoop\shims;C:\Users\Motaz\AppData\Local\Microsoft\WindowsApps;C:\Users\Motaz\AppData\Roaming\Composer\vendor\bin;C:\Program Files\JetBrains\PhpStorm 2022.3.2\bin;C:\src\flutter\flutter\bin;C:\Users\Motaz\AppData\Local\Pub\Cache\bin;C:\Users\Motaz\mm Dropbox\Motaz Sammoud\PC\Downloads\firebase-tools-instant-win.exe;C:\Program Files\Java\jdk-17\bin;C:\Users\Motaz\AppData\Roaming\npm;C:\flutter;%kiki%bin;C:\Users\Motaz\mm Dropbox\Motaz Sammoud\PC\Downloads\chocolatey.2.3.0.nupkg;C:\ProgramData\chocolatey\lib\python\tools;C:\Prog
USERNAME=Motaz
OS=Windows_NT
PROCESSOR_IDENTIFIER=Intel64 Family 6 Model 165 Stepping 2, GenuineIntel
TMP=C:\Users\Motaz\AppData\Local\Temp
TEMP=C:\Users\Motaz\AppData\Local\Temp



Periodic native trim disabled

JNI global refs:
JNI global refs: 28, weak refs: 12

JNI global refs memory usage: 843, weak refs: 841

Process memory usage:
Resident Set Size: 1121828K (6% of 16591048K total physical memory with 1190048K free physical memory)

OOME stack traces (most recent first):
Classloader memory used:
Loader org.gradle.internal.classloader.VisitableURLClassLoader                         : 13970K
Loader bootstrap                                                                       : 3820K
Loader org.gradle.internal.classloader.VisitableURLClassLoader$InstrumentingVisitableURLClassLoader: 2818K
Loader org.gradle.initialization.MixInLegacyTypesClassLoader                           : 1760K
Loader jdk.internal.loader.ClassLoaders$PlatformClassLoader                            : 103K
Loader jdk.internal.reflect.DelegatingClassLoader                                      : 96570B
Loader jdk.internal.jrtfs.JrtFileSystemProvider$JrtFsLoader                            : 42427B
Loader jdk.internal.loader.ClassLoaders$AppClassLoader                                 : 29988B
Loader org.gradle.internal.classloader.VisitableURLClassLoader                         : 15732B
Loader org.codehaus.groovy.runtime.callsite.CallSiteClassLoader                        : 11590B
Loader org.gradle.groovy.scripts.internal.DefaultScriptCompilationHandler$ScriptClassLoader: 5872B
Loader groovy.lang.GroovyClassLoader$InnerLoader                                       : 2602B
Loader sun.reflect.misc.MethodUtil                                                     : 373B

Classes loaded by more than one classloader:
Class Program                                                                         : loaded 8 times (x 72B)
Class org.jetbrains.kotlin.util.capitalizeDecapitalize.CapitalizeDecapitalizeKt       : loaded 3 times (x 69B)
Class NativePluginLoader$_getPlugins_closure1                                         : loaded 3 times (x 130B)
Class NativePluginLoader                                                              : loaded 3 times (x 85B)
Class org.jetbrains.kotlin.config.LanguageVersion$Companion                           : loaded 3 times (x 69B)
Class org.jetbrains.kotlin.config.LanguageOrApiVersion                                : loaded 3 times (x 68B)
Class Build_gradle                                                                    : loaded 3 times (x 128B)
Class Settings_gradle                                                                 : loaded 3 times (x 126B)
Class org.jetbrains.kotlin.config.LanguageVersion                                     : loaded 3 times (x 88B)
Class org.jetbrains.kotlin.utils.DescriptionAware                                     : loaded 3 times (x 68B)
Class [Lorg.jetbrains.kotlin.config.LanguageVersion;                                  : loaded 3 times (x 67B)
Class Build_gradle$1                                                                  : loaded 3 times (x 72B)
Class [Lorg.jetbrains.kotlin.config.LanguageOrApiVersion;                             : loaded 3 times (x 67B)
Class [Lorg.jetbrains.kotlin.utils.DescriptionAware;                                  : loaded 3 times (x 67B)
Class org.jetbrains.kotlin.gradle.plugin.internal.DefaultConfigurationTimePropertiesAccessor: loaded 2 times (x 72B)
Class org.jetbrains.kotlin.metadata.ProtoBuf$TypeTable                                : loaded 2 times (x 107B)
Class org.jetbrains.kotlin.gradle.dsl.KotlinTargetContainerWithWasmPresetFunctions    : loaded 2 times (x 68B)
Class [Lorg.jetbrains.org.objectweb.asm.AnnotationWriter;                             : loaded 2 times (x 67B)
Class [Lorg.jetbrains.org.objectweb.asm.Label;                                        : loaded 2 times (x 67B)
Class [Lcom.google.common.collect.AbstractMapEntry;                                   : loaded 2 times (x 67B)
Class com.google.common.collect.SingletonImmutableList                                : loaded 2 times (x 167B)
Class org.jetbrains.kotlin.gradle.plugin.KotlinGradleBuildServices$detectKotlinPluginLoadedInMultipleProjects$onRegister$1$1: loaded 2 times (x 73B)
Class org.jetbrains.kotlin.metadata.ProtoBuf$Effect                                   : loaded 2 times (x 111B)
Class org.jetbrains.kotlin.protobuf.GeneratedMessageLite$GeneratedExtension           : loaded 2 times (x 77B)
Class org.jetbrains.kotlin.statistics.MetricValueValidationFailed                     : loaded 2 times (x 80B)
Class com.google.common.cache.CacheLoader$SupplierToCacheLoader                       : loaded 2 times (x 73B)
Class org.gradle.internal.classpath.ClassPath                                         : loaded 2 times (x 68B)
Class com.google.common.cache.RemovalListener                                         : loaded 2 times (x 68B)
Class org.gradle.api.internal.classpath.DefaultModuleRegistry                         : loaded 2 times (x 84B)
Class org.jetbrains.kotlin.gradle.dsl.KotlinCommonCompilerOptionsDefault              : loaded 2 times (x 88B)
Class Settings_gradle$1$1                                                             : loaded 2 times (x 72B)
Class com.google.common.collect.ImmutableEnumSet                                      : loaded 2 times (x 144B)
Class com.google.common.collect.ListMultimap                                          : loaded 2 times (x 68B)
Class org.jetbrains.kotlin.metadata.jvm.deserialization.JvmNameResolverBase$WhenMappings: loaded 2 times (x 69B)
Class com.google.common.base.CharMatcher$JavaDigit                                    : loaded 2 times (x 109B)
Class org.jetbrains.kotlin.protobuf.GeneratedMessageLite$ExtendableBuilder            : loaded 2 times (x 136B)
Class com.google.common.base.CharMatcher$Digit                                        : loaded 2 times (x 110B)
Class org.jetbrains.kotlin.descriptors.Visibilities$InvisibleFake                     : loaded 2 times (x 77B)
Class com.google.common.collect.AbstractMultimap                                      : loaded 2 times (x 121B)
Class jdk.internal.jimage.BasicImageReader$1                                          : loaded 2 times (x 75B)
Class org.jetbrains.kotlin.metadata.ProtoBuf$Effect$EffectType$1                      : loaded 2 times (x 72B)
Class org.jetbrains.kotlin.metadata.ProtoBuf$Modality                                 : loaded 2 times (x 80B)
Class com.google.common.cache.CacheBuilder$OneWeigher                                 : loaded 2 times (x 80B)
Class org.gradle.api.Action                                                           : loaded 2 times (x 68B)
Class org.jetbrains.org.objectweb.asm.Opcodes                                         : loaded 2 times (x 68B)
Class org.jetbrains.kotlin.gradle.report.BuildReportMode$Companion                    : loaded 2 times (x 69B)
Class com.google.common.collect.ImmutableEntry                                        : loaded 2 times (x 80B)
Class com.google.common.collect.Lists$StringAsImmutableList                           : loaded 2 times (x 167B)
Class org.jetbrains.org.objectweb.asm.MethodTooLargeException                         : loaded 2 times (x 81B)
Class org.jetbrains.kotlin.gradle.plugin.KotlinTargetPreset                           : loaded 2 times (x 68B)
Class org.jetbrains.kotlin.metadata.jvm.deserialization.JvmMetadataVersion$Companion  : loaded 2 times (x 69B)
Class org.jetbrains.kotlin.protobuf.FieldSet$FieldDescriptorLite                      : loaded 2 times (x 68B)
Class org.jetbrains.kotlin.gradle.plugin.sources.DefaultLanguageSettingsBuilder       : loaded 2 times (x 88B)
Class com.google.common.cache.LocalCache$StrongEntry                                  : loaded 2 times (x 106B)
Class org.jetbrains.kotlin.gradle.targets.metadata.KotlinMetadataTargetConfiguratorKt : loaded 2 times (x 69B)
Class org.jetbrains.kotlin.tooling.core.ExtrasUtilsKt                                 : loaded 2 times (x 69B)
Class org.objectweb.asm.FieldWriter                                                   : loaded 2 times (x 76B)
Class org.jetbrains.org.objectweb.asm.tree.FrameNode                                  : loaded 2 times (x 77B)
Class org.jetbrains.kotlin.gradle.plugin.KotlinPlatformType$DisambiguationRule        : loaded 2 times (x 74B)
Class com.google.common.base.CharMatcher                                              : loaded 2 times (x 109B)
Class org.jetbrains.kotlin.metadata.ProtoBuf$Annotation$Argument$Value                : loaded 2 times (x 125B)
Class org.jetbrains.org.objectweb.asm.AnnotationWriter                                : loaded 2 times (x 76B)
Class org.jetbrains.org.objectweb.asm.tree.InsnNode                                   : loaded 2 times (x 76B)
Class org.jetbrains.org.objectweb.asm.tree.MultiANewArrayInsnNode                     : loaded 2 times (x 77B)
Class [Lorg.jetbrains.kotlin.metadata.ProtoBuf$Type$Argument$Projection;              : loaded 2 times (x 67B)
Class jdk.internal.jimage.ImageBufferCache$1                                          : loaded 2 times (x 78B)
Class org.jetbrains.kotlin.protobuf.SmallSortedMap$1                                  : loaded 2 times (x 128B)
Class org.jetbrains.kotlin.load.kotlin.FileBasedKotlinClass$1                         : loaded 2 times (x 85B)
Class jdk.internal.jimage.ImageBufferCache$2                                          : loaded 2 times (x 89B)
Class org.jetbrains.kotlin.load.kotlin.FileBasedKotlinClass$2                         : loaded 2 times (x 85B)
Class org.jetbrains.kotlin.gradle.internal.KotlinTestDependencyManagementKt           : loaded 2 times (x 69B)
Class com.google.common.base.CharMatcher$IsNot                                        : loaded 2 times (x 109B)
Class org.jetbrains.kotlin.load.kotlin.FileBasedKotlinClass$3                         : loaded 2 times (x 75B)
Class [Lorg.jetbrains.org.objectweb.asm.SymbolTable$Entry;                            : loaded 2 times (x 67B)
Class org.jetbrains.kotlin.load.kotlin.FileBasedKotlinClass$4                         : loaded 2 times (x 85B)
Class org.jetbrains.kotlin.config.MavenComparableVersion$IntegerItem                  : loaded 2 times (x 78B)
Class [Lorg.jetbrains.kotlin.gradle.plugin.KotlinSourceSet;                           : loaded 2 times (x 67B)
Class org.jetbrains.kotlin.tooling.core.Extras                                        : loaded 2 times (x 68B)
Class org.jetbrains.kotlin.metadata.jvm.JvmProtoBuf$StringTableTypesOrBuilder         : loaded 2 times (x 68B)
Class net.rubygrapefruit.platform.internal.FunctionResult                             : loaded 2 times (x 75B)
Class org.jetbrains.kotlin.gradle.plugin.DefaultKotlinBasePlugin                      : loaded 2 times (x 80B)
Class org.jetbrains.kotlin.gradle.plugin.internal.DefaultBasePluginConfigurationVariantFactory: loaded 2 times (x 72B)
Class org.jetbrains.kotlin.metadata.jvm.JvmProtoBuf$JvmPropertySignature$1            : loaded 2 times (x 142B)
Class org.jetbrains.kotlin.gradle.plugin.internal.DefaultJavaSourceSetsAccessorVariantFactory: loaded 2 times (x 72B)
Class com.google.common.base.Splitter                                                 : loaded 2 times (x 70B)
Class [Lcom.google.common.cache.Weigher;                                              : loaded 2 times (x 67B)
Class com.google.common.collect.Iterators$ArrayItr                                    : loaded 2 times (x 95B)
Class net.rubygrapefruit.platform.internal.WrapperProcessLauncher                     : loaded 2 times (x 74B)
Class org.jetbrains.org.objectweb.asm.tree.TableSwitchInsnNode                        : loaded 2 times (x 77B)
Class com.google.common.cache.LocalCache$Segment                                      : loaded 2 times (x 152B)
Class org.gradle.api.internal.DefaultClassPathProvider                                : loaded 2 times (x 74B)
Class org.gradle.internal.installation.GradleInstallation$1                           : loaded 2 times (x 73B)
Class org.jetbrains.kotlin.statistics.metrics.NumberAnonymizationPolicy$SAFE          : loaded 2 times (x 83B)
Class com.google.common.cache.LocalCache$AbstractReferenceEntry                       : loaded 2 times (x 105B)
Class jdk.internal.jrtfs.SystemImage$1                                                : loaded 2 times (x 76B)
Class org.objectweb.asm.Type                                                          : loaded 2 times (x 70B)
Class jdk.internal.jrtfs.SystemImage$2                                                : loaded 2 times (x 74B)
Class org.jetbrains.kotlin.gradle.targets.js.npm.NpmDependencyExtensionKt$WhenMappings: loaded 2 times (x 69B)
Class com.google.common.util.concurrent.AbstractFuture$Failure                        : loaded 2 times (x 70B)
Class org.jetbrains.kotlin.gradle.dsl.DefaultToolchainSupport_Decorated               : loaded 2 times (x 122B)
Class org.jetbrains.kotlin.load.kotlin.FileBasedKotlinClass$InnerClassesInfo          : loaded 2 times (x 72B)
Class org.jetbrains.kotlin.gradle.targets.js.npm.NpmDependencyWithExternalsExtension  : loaded 2 times (x 68B)
Class org.jetbrains.kotlin.gradle.dsl.DefaultToolchainSupport$wireToolchainToTasks$1$1: loaded 2 times (x 77B)
Class com.google.common.base.CharMatcher$BitSetMatcher                                : loaded 2 times (x 110B)
Class com.google.common.collect.ImmutableMap$IteratorBasedImmutableMap                : loaded 2 times (x 123B)
Class org.jetbrains.kotlin.name.FqNameUnsafe                                          : loaded 2 times (x 70B)
Class org.jetbrains.kotlin.metadata.ProtoBuf$TypeParameter$Variance$1                 : loaded 2 times (x 72B)
Class org.jetbrains.kotlin.statistics.metrics.NumberOverridePolicy$SUM                : loaded 2 times (x 83B)
Class org.jetbrains.kotlin.statistics.metrics.BooleanAnonymizationPolicy              : loaded 2 times (x 83B)
Class com.google.common.collect.ImmutableMap                                          : loaded 2 times (x 118B)
Class org.jetbrains.org.objectweb.asm.tree.MethodNode                                 : loaded 2 times (x 107B)
Class net.rubygrapefruit.platform.internal.WindowsProcessLauncher                     : loaded 2 times (x 74B)
Class org.jetbrains.kotlin.config.JVMAssertionsMode$Companion                         : loaded 2 times (x 69B)
Class [Lorg.jetbrains.kotlin.statistics.ValueAnonymizer;                              : loaded 2 times (x 67B)
Class org.jetbrains.kotlin.config.LanguageFeature                                     : loaded 2 times (x 78B)
Class org.jetbrains.kotlin.gradle.targets.js.npm.DevNpmDependencyExtension            : loaded 2 times (x 68B)
Class com.google.common.base.Converter                                                : loaded 2 times (x 88B)
Class org.jetbrains.kotlin.gradle.plugin.mpp.AbstractKotlinCompilation                : loaded 2 times (x 182B)
Class com.google.common.collect.ImmutableSet$EmptySetBuilderImpl                      : loaded 2 times (x 74B)
Class org.jetbrains.kotlin.descriptors.DescriptorVisibilities$1                       : loaded 2 times (x 76B)
Class org.jetbrains.kotlin.descriptors.DescriptorVisibilities$2                       : loaded 2 times (x 76B)
Class org.jetbrains.kotlin.descriptors.DescriptorVisibilities$3                       : loaded 2 times (x 76B)
Class org.jetbrains.kotlin.gradle.dsl.KotlinTopLevelExtensionConfig                   : loaded 2 times (x 68B)
Class org.jetbrains.kotlin.config.JvmDefaultMode                                      : loaded 2 times (x 77B)
Class org.jetbrains.kotlin.descriptors.DescriptorVisibilities$4                       : loaded 2 times (x 76B)
Class org.jetbrains.kotlin.descriptors.DescriptorVisibilities$5                       : loaded 2 times (x 76B)
Class [Lorg.jetbrains.kotlin.config.JvmDefaultMode;                                   : loaded 2 times (x 67B)
Class org.jetbrains.kotlin.descriptors.DescriptorVisibilities$6                       : loaded 2 times (x 76B)
Class org.jetbrains.kotlin.descriptors.DescriptorVisibilities$7                       : loaded 2 times (x 76B)
Class org.jetbrains.kotlin.gradle.plugin.KotlinMultiplatformPluginKt                  : loaded 2 times (x 69B)
Class org.jetbrains.kotlin.descriptors.DescriptorVisibilities$8                       : loaded 2 times (x 76B)
Class org.jetbrains.kotlin.gradle.plugin.internal.ConfigurationTimePropertiesAccessor$ConfigurationTimePropertiesAccessorVariantFactory: loaded 2 times (x 68B)
Class org.jetbrains.kotlin.descriptors.DescriptorVisibilities$9                       : loaded 2 times (x 76B)
Class com.google.common.base.Equivalence                                              : loaded 2 times (x 80B)
Class com.google.common.primitives.Ints                                               : loaded 2 times (x 69B)
Class com.google.common.cache.LocalCache$EntryFactory$1                               : loaded 2 times (x 81B)
Class org.jetbrains.kotlin.metadata.ProtoBuf$Annotation$ArgumentOrBuilder             : loaded 2 times (x 68B)
Class org.jetbrains.kotlin.metadata.jvm.JvmProtoBuf                                   : loaded 2 times (x 69B)
Class org.jetbrains.kotlin.gradle.plugin.KotlinPluginWrapperKt$kotlinPluginVersionFromResources$1$1: loaded 2 times (x 69B)
Class com.google.common.cache.LocalCache$EntryFactory$2                               : loaded 2 times (x 81B)
Class org.jetbrains.org.objectweb.asm.MethodWriter                                    : loaded 2 times (x 103B)
Class native_plugin_loader_1ntn56gzehiyg16lpnc6v45k3$_run_closure1                    : loaded 2 times (x 137B)
Class com.google.common.cache.LocalCache$EntryFactory$3                               : loaded 2 times (x 81B)
Class org.jetbrains.kotlin.gradle.plugin.ProjectLocalConfigurations                   : loaded 2 times (x 69B)
Class com.google.common.cache.LocalCache$EntryFactory$4                               : loaded 2 times (x 81B)
Class [Lorg.jetbrains.kotlin.protobuf.Internal$EnumLite;                              : loaded 2 times (x 67B)
Class org.jetbrains.kotlin.gradle.plugin.KotlinSourceSet$Companion                    : loaded 2 times (x 69B)
Class com.google.common.cache.LocalCache$EntryFactory$5                               : loaded 2 times (x 81B)
Class org.jetbrains.kotlin.serialization.deserialization.ProtoEnumFlagsUtilsKt$WhenMappings: loaded 2 times (x 69B)
Class com.google.common.cache.LocalCache$EntryFactory$6                               : loaded 2 times (x 81B)
Class com.google.common.cache.LocalCache$EntryFactory$7                               : loaded 2 times (x 81B)
Class com.google.common.cache.LocalCache$EntryFactory$8                               : loaded 2 times (x 81B)
Class org.jetbrains.kotlin.gradle.plugin.internal.DefaultConfigurationTimePropertiesAccessorVariantFactory: loaded 2 times (x 72B)
Class org.jetbrains.kotlin.protobuf.WireFormat                                        : loaded 2 times (x 69B)
Class com.google.common.base.Predicate                                                : loaded 2 times (x 68B)
Class org.jetbrains.kotlin.utils.CollectionsKt                                        : loaded 2 times (x 69B)
Class com.google.common.cache.LocalCache$StrongValueReference                         : loaded 2 times (x 88B)
Class org.gradle.internal.classloader.FilteringClassLoader                            : loaded 2 times (x 103B)
Class org.jetbrains.org.objectweb.asm.TypeReference                                   : loaded 2 times (x 78B)
Class org.jetbrains.kotlin.gradle.plugin.mpp.KotlinTargetComponentWithPublication     : loaded 2 times (x 68B)
Class [Lorg.jetbrains.kotlin.metadata.ProtoBuf$VersionRequirement$Level;              : loaded 2 times (x 67B)
Class org.jetbrains.kotlin.resolve.jvm.JvmClassName                                   : loaded 2 times (x 74B)
Class jdk.internal.jimage.ImageReader$Resource                                        : loaded 2 times (x 82B)
Class com.google.common.collect.RegularImmutableSet                                   : loaded 2 times (x 146B)
Class org.jetbrains.kotlin.metadata.jvm.JvmProtoBuf$StringTableTypes$Record           : loaded 2 times (x 117B)
Class jdk.internal.jrtfs.SystemImage                                                  : loaded 2 times (x 72B)
Class [Lorg.jetbrains.kotlin.gradle.report.BuildReportMode;                           : loaded 2 times (x 67B)
Class [Lcom.google.common.cache.LocalCache$Strength;                                  : loaded 2 times (x 67B)
Class org.gradle.internal.classpath.DefaultClassPath$ImmutableUniqueList$Builder      : loaded 2 times (x 73B)
Class org.jetbrains.kotlin.gradle.model.builder.KotlinModelBuilder                    : loaded 2 times (x 74B)
Class [Lorg.jetbrains.kotlin.gradle.plugin.KotlinCompilation;                         : loaded 2 times (x 67B)
Class org.jetbrains.kotlin.gradle.plugin.KotlinGradleBuildServices$Parameters         : loaded 2 times (x 68B)
Class com.google.common.collect.Maps$8                                                : loaded 2 times (x 80B)
Class org.jetbrains.kotlin.gradle.plugin.PropertiesProvider$Companion                 : loaded 2 times (x 69B)
Class org.jetbrains.kotlin.descriptors.Visibilities$Unknown                           : loaded 2 times (x 77B)
Class org.jetbrains.kotlin.gradle.plugin.KotlinGradleBuildServices$Companion          : loaded 2 times (x 69B)
Class org.jetbrains.kotlin.gradle.logging.GradleLoggingUtilsKt                        : loaded 2 times (x 69B)
Class [Lcom.google.common.cache.CacheBuilder$NullListener;                            : loaded 2 times (x 67B)
Class com.google.common.base.PatternCompiler                                          : loaded 2 times (x 68B)
Class org.jetbrains.kotlin.protobuf.GeneratedMessageLite$ExtendableMessage            : loaded 2 times (x 111B)
Class com.google.common.base.CharMatcher$InRange                                      : loaded 2 times (x 109B)
Class org.jetbrains.org.objectweb.asm.Handler                                         : loaded 2 times (x 70B)
Class org.jetbrains.org.objectweb.asm.tree.UnsupportedClassVersionException           : loaded 2 times (x 80B)
Class com.google.common.collect.Sets$SetView                                          : loaded 2 times (x 136B)
Class org.jetbrains.kotlin.statistics.metrics.BooleanOverridePolicy$OVERRIDE          : loaded 2 times (x 83B)
Class org.jetbrains.org.objectweb.asm.tree.LdcInsnNode                                : loaded 2 times (x 76B)
Class org.jetbrains.kotlin.metadata.ProtoBuf$Constructor                              : loaded 2 times (x 122B)
Class org.jetbrains.kotlin.statistics.metrics.StringOverridePolicy$OVERRIDE           : loaded 2 times (x 83B)
Class com.google.common.collect.BiMap                                                 : loaded 2 times (x 68B)
Class com.google.common.collect.Lists                                                 : loaded 2 times (x 69B)
Class jdk.internal.jrtfs.JrtDirectoryStream$1                                         : loaded 2 times (x 81B)
Class org.jetbrains.kotlin.gradle.internal.StdlibDependencyManagementKt$configureStdlibVersionAlignment$1$1: loaded 2 times (x 77B)
Class org.objectweb.asm.AnnotationWriter                                              : loaded 2 times (x 77B)
Class com.google.common.math.IntMath$1                                                : loaded 2 times (x 69B)
Class org.jetbrains.kotlin.statistics.metrics.StringOverridePolicy                    : loaded 2 times (x 83B)
Class org.gradle.internal.classloader.ClassLoaderVisitor                              : loaded 2 times (x 74B)
Class org.jetbrains.kotlin.name.ClassId                                               : loaded 2 times (x 70B)
Class org.objectweb.asm.Label                                                         : loaded 2 times (x 71B)
Class com.google.common.cache.CacheBuilder$NullListener                               : loaded 2 times (x 80B)
Class org.jetbrains.kotlin.utils.SmartList                                            : loaded 2 times (x 161B)
Class [Lorg.jetbrains.org.objectweb.asm.AnnotationVisitor;                            : loaded 2 times (x 67B)
Class org.jetbrains.kotlin.gradle.plugin.mpp.KotlinMultiplatformPluginKt              : loaded 2 times (x 69B)
Class org.jetbrains.kotlin.metadata.ProtoBuf$TypeAliasOrBuilder                       : loaded 2 times (x 68B)
Class com.google.common.math.MathPreconditions                                        : loaded 2 times (x 69B)
Class org.jetbrains.kotlin.protobuf.ByteString$ByteIterator                           : loaded 2 times (x 68B)
Class org.jetbrains.kotlin.cli.common.CompilerSystemProperties                        : loaded 2 times (x 78B)
Class org.jetbrains.kotlin.gradle.plugin.sources.DefaultKotlinSourceSetFactory        : loaded 2 times (x 78B)
Class [Lorg.jetbrains.kotlin.metadata.ProtoBuf$VersionRequirement$VersionKind;        : loaded 2 times (x 67B)
Class org.jetbrains.org.objectweb.asm.Frame                                           : loaded 2 times (x 71B)
Class org.gradle.internal.service.DefaultServiceLocator                               : loaded 2 times (x 81B)
Class org.jetbrains.kotlin.protobuf.SmallSortedMap$EmptySet$1                         : loaded 2 times (x 76B)
Class org.jetbrains.kotlin.protobuf.SmallSortedMap$EmptySet$2                         : loaded 2 times (x 76B)
Class org.gradle.internal.service.UnknownServiceException                             : loaded 2 times (x 81B)
Class org.jetbrains.kotlin.gradle.internal.KotlinDependenciesManagementKt$customizeKotlinDependencies$coreLibrariesVersion$1: loaded 2 times (x 77B)
Class com.google.common.util.concurrent.AbstractFuture$SynchronizedHelper             : loaded 2 times (x 76B)
Class com.google.common.collect.ArrayListMultimap                                     : loaded 2 times (x 170B)
Class org.jetbrains.kotlin.gradle.dsl.ExplicitApiMode                                 : loaded 2 times (x 77B)
Class org.jetbrains.kotlin.protobuf.MessageLite                                       : loaded 2 times (x 68B)
Class org.jetbrains.kotlin.gradle.utils.ConfigurationsKt                              : loaded 2 times (x 69B)
Class com.google.common.base.Strings                                                  : loaded 2 times (x 69B)
Class org.jetbrains.kotlin.metadata.ProtoBuf$EffectOrBuilder                          : loaded 2 times (x 68B)
Class [Lorg.jetbrains.kotlin.statistics.metrics.BooleanMetrics;                       : loaded 2 times (x 67B)
Class org.jetbrains.kotlin.load.kotlin.KotlinJvmBinaryClass$AnnotationArrayArgumentVisitor: loaded 2 times (x 68B)
Class org.jetbrains.kotlin.gradle.internal.tasks.TaskWithLocalState                   : loaded 2 times (x 68B)
Class org.jetbrains.kotlin.gradle.plugin.mpp.HierarchyAttributeContainer$1            : loaded 2 times (x 76B)
Class org.jetbrains.kotlin.load.kotlin.KotlinJvmBinaryClass                           : loaded 2 times (x 68B)
Class org.jetbrains.kotlin.gradle.internal.KotlinDependenciesManagementKt$configureDefaultVersionsResolutionStrategy$1$1: loaded 2 times (x 77B)
Class org.jetbrains.kotlin.gradle.internal.Kapt3GradleSubplugin                       : loaded 2 times (x 81B)
Class com.google.common.cache.CacheLoader$InvalidCacheLoadException                   : loaded 2 times (x 80B)
Class org.gradle.internal.classloader.DefaultClassLoaderFactory                       : loaded 2 times (x 80B)
Class jdk.internal.jimage.ImageReader$SharedImageReader                               : loaded 2 times (x 93B)
Class com.google.common.collect.UnmodifiableIterator                                  : loaded 2 times (x 78B)
Class org.jetbrains.kotlin.gradle.dsl.KotlinTargetContainerWithJsPresetFunctions      : loaded 2 times (x 68B)
Class com.google.common.base.Stopwatch                                                : loaded 2 times (x 70B)
Class com.google.common.base.Platform$JdkPatternCompiler                              : loaded 2 times (x 73B)
Class net.rubygrapefruit.platform.ProcessLauncher                                     : loaded 2 times (x 68B)
Class [Lorg.jetbrains.kotlin.config.LanguageFeature$Kind;                             : loaded 2 times (x 67B)
Class com.google.common.cache.LocalCache$LoadingValueReference                        : loaded 2 times (x 94B)
Class org.jetbrains.kotlin.gradle.utils.StringUtilsKt$lowerCamelCaseName$1            : loaded 2 times (x 123B)
Class org.jetbrains.org.objectweb.asm.tree.LocalVariableNode                          : loaded 2 times (x 71B)
Class org.jetbrains.kotlin.gradle.plugin.mpp.AbstractKotlinTarget                     : loaded 2 times (x 136B)
Class com.google.common.base.CharMatcher$SingleWidth                                  : loaded 2 times (x 110B)
Class org.jetbrains.kotlin.descriptors.DescriptorVisibilities                         : loaded 2 times (x 69B)
Class com.google.common.collect.Hashing                                               : loaded 2 times (x 69B)
Class org.jetbrains.kotlin.metadata.ProtoBuf$EnumEntry$1                              : loaded 2 times (x 142B)
Class org.jetbrains.kotlin.statistics.metrics.StringAnonymizationPolicy               : loaded 2 times (x 76B)
Class org.jetbrains.org.objectweb.asm.RecordComponentVisitor                          : loaded 2 times (x 75B)
Class org.jetbrains.kotlin.metadata.jvm.deserialization.JvmNameResolverKt             : loaded 2 times (x 69B)
Class org.jetbrains.kotlin.metadata.ProtoBuf$TypeTable$1                              : loaded 2 times (x 142B)
Class net.rubygrapefruit.platform.internal.DefaultProcessLauncher                     : loaded 2 times (x 73B)
Class org.jetbrains.kotlin.protobuf.Internal$EnumLite                                 : loaded 2 times (x 68B)
Class org.jetbrains.kotlin.gradle.plugin.statistics.KotlinBuildStatsService$Companion : loaded 2 times (x 69B)
Class com.google.common.base.JdkPattern                                               : loaded 2 times (x 73B)
Class jdk.internal.jimage.decompressor.ZipDecompressorFactory                         : loaded 2 times (x 72B)
Class com.google.common.collect.Multimap                                              : loaded 2 times (x 68B)
Class org.jetbrains.kotlin.protobuf.AbstractMessageLite$Builder$LimitedInputStream    : loaded 2 times (x 90B)
Class com.google.common.base.FunctionalEquivalence                                    : loaded 2 times (x 81B)
Class org.jetbrains.org.objectweb.asm.ClassTooLargeException                          : loaded 2 times (x 81B)
Class [Lorg.jetbrains.org.objectweb.asm.Attribute;                                    : loaded 2 times (x 67B)
Class org.objectweb.asm.AnnotationVisitor                                             : loaded 2 times (x 76B)
Class org.objectweb.asm.RecordComponentWriter                                         : loaded 2 times (x 76B)
Class org.jetbrains.kotlin.config.AnalysisFlag                                        : loaded 2 times (x 70B)
Class org.jetbrains.kotlin.metadata.ProtoBuf$TypeTableOrBuilder                       : loaded 2 times (x 68B)
Class [Lorg.jetbrains.kotlin.statistics.metrics.NumberAnonymizationPolicy;            : loaded 2 times (x 67B)
Class com.google.common.cache.LocalCache$1                                            : loaded 2 times (x 87B)
Class org.jetbrains.kotlin.protobuf.CodedInputStream                                  : loaded 2 times (x 70B)
Class com.google.common.cache.LocalCache$2                                            : loaded 2 times (x 140B)
Class org.jetbrains.kotlin.gradle.targets.js.npm.SemVer$Companion                     : loaded 2 times (x 69B)
Class org.jetbrains.kotlin.gradle.plugin.mpp.KotlinUsages                             : loaded 2 times (x 69B)
Class org.jetbrains.kotlin.gradle.plugin.mpp.KotlinUsages$KotlinJavaRuntimeJarsCompatibility: loaded 2 times (x 74B)
Class org.jetbrains.kotlin.gradle.dsl.KotlinJvmCompilerOptionsDefault                 : loaded 2 times (x 98B)
Class org.jetbrains.kotlin.gradle.plugin.statistics.KotlinBuildStatHandler            : loaded 2 times (x 69B)
Class org.gradle.internal.classloader.VisitableURLClassLoader$Spec                    : loaded 2 times (x 72B)
Class org.jetbrains.kotlin.statistics.metrics.IMetricContainerFactory                 : loaded 2 times (x 68B)
Class org.gradle.api.GradleException                                                  : loaded 2 times (x 80B)
Class org.jetbrains.kotlin.statistics.metrics.BooleanAnonymizationPolicy$SAFE         : loaded 2 times (x 83B)
Class com.google.common.base.CharMatcher$JavaLetterOrDigit                            : loaded 2 times (x 109B)
Class org.gradle.api.internal.classpath.ModuleRegistry                                : loaded 2 times (x 68B)
Class org.jetbrains.kotlin.resolve.scopes.receivers.Receiver                          : loaded 2 times (x 68B)
Class org.jetbrains.kotlin.cli.common.messages.MessageCollector                       : loaded 2 times (x 68B)
Class com.google.common.cache.CacheBuilder                                            : loaded 2 times (x 70B)
Class org.objectweb.asm.ByteVector                                                    : loaded 2 times (x 77B)
Class com.google.common.collect.ImmutableCollection                                   : loaded 2 times (x 123B)
Class org.jetbrains.kotlin.gradle.plugin.PropertiesProvider                           : loaded 2 times (x 70B)
Class org.jetbrains.kotlin.metadata.deserialization.BinaryVersion                     : loaded 2 times (x 72B)
Class org.jetbrains.kotlin.gradle.report.BuildReportType$Companion                    : loaded 2 times (x 69B)
Class org.jetbrains.kotlin.gradle.plugin.ProjectLocalConfigurations$setupAttributesMatchingStrategy$1$1: loaded 2 times (x 76B)
Class org.jetbrains.kotlin.tooling.core.MutableExtrasImpl                             : loaded 2 times (x 163B)
Class org.jetbrains.kotlin.gradle.targets.js.npm.DefaultPeerNpmDependencyExtension    : loaded 2 times (x 139B)
Class com.google.common.base.PairwiseEquivalence                                      : loaded 2 times (x 81B)
Class com.google.common.base.Ticker                                                   : loaded 2 times (x 70B)
Class org.jetbrains.kotlin.load.kotlin.FileBasedKotlinClass$3$1                       : loaded 2 times (x 75B)
Class org.jetbrains.kotlin.metadata.jvm.JvmProtoBuf$StringTableTypes$Record$1         : loaded 2 times (x 142B)
Class org.jetbrains.kotlin.gradle.plugin.KotlinJsCompilerTypeHolder                   : loaded 2 times (x 68B)
Class org.jetbrains.kotlin.name.FqName                                                : loaded 2 times (x 70B)
Class org.gradle.api.internal.ClassPathProvider                                       : loaded 2 times (x 68B)
Class com.google.common.base.Ascii                                                    : loaded 2 times (x 69B)
Class com.google.common.collect.RegularImmutableMap$Values                            : loaded 2 times (x 167B)
Class org.jetbrains.kotlin.metadata.ProtoBuf$VersionRequirement$Level                 : loaded 2 times (x 80B)
Class org.jetbrains.kotlin.tooling.core.MutableExtrasImpl$Companion                   : loaded 2 times (x 69B)
Class org.jetbrains.kotlin.metadata.ProtoBuf$Annotation$Argument$Value$Type$1         : loaded 2 times (x 72B)
Class org.jetbrains.kotlin.serialization.deserialization.ProtoEnumFlagsUtilsKt        : loaded 2 times (x 69B)
Class org.jetbrains.kotlin.gradle.plugin.internal.MavenPluginConfigurator$MavenPluginConfiguratorVariantFactory: loaded 2 times (x 68B)
Class org.objectweb.asm.ModuleWriter                                                  : loaded 2 times (x 80B)
Class [Lorg.jetbrains.kotlin.metadata.ProtoBuf$Visibility;                            : loaded 2 times (x 67B)
Class org.gradle.internal.classloader.ClasspathUtil$1                                 : loaded 2 times (x 74B)
Class com.google.common.collect.ImmutableEnumMap                                      : loaded 2 times (x 123B)
Class org.jetbrains.kotlin.metadata.ProtoBuf$VersionRequirement$VersionKind           : loaded 2 times (x 80B)
Class org.jetbrains.kotlin.gradle.plugin.sources.KotlinSourceSetFactory               : loaded 2 times (x 78B)
Class org.jetbrains.kotlin.protobuf.LazyFieldLite                                     : loaded 2 times (x 80B)
Class org.jetbrains.kotlin.metadata.ProtoBuf$Function                                 : loaded 2 times (x 147B)
Class org.jetbrains.kotlin.metadata.ProtoBuf$Annotation$Argument$ValueOrBuilder       : loaded 2 times (x 68B)
Class org.jetbrains.kotlin.metadata.ProtoBuf$MemberKind$1                             : loaded 2 times (x 72B)
Class org.jetbrains.kotlin.gradle.plugin.sources.KotlinSourceSetFactory$Companion     : loaded 2 times (x 69B)
Class com.google.common.collect.ImmutableList$ReverseImmutableList                    : loaded 2 times (x 168B)
Class org.jetbrains.kotlin.gradle.internal.KotlinTestDependencyManagementKt$configureKotlinTestDependency$3: loaded 2 times (x 77B)
Class org.jetbrains.kotlin.gradle.report.BuildMetricsService                          : loaded 2 times (x 80B)
Class net.rubygrapefruit.platform.internal.Platform$Posix                             : loaded 2 times (x 79B)
Class [Lorg.jetbrains.kotlin.config.LanguageFeature$State;                            : loaded 2 times (x 67B)
Class [Lorg.jetbrains.kotlin.config.ExplicitApiMode;                                  : loaded 2 times (x 67B)
Class org.jetbrains.kotlin.metadata.ProtoBuf$Contract$1                               : loaded 2 times (x 142B)
Class org.jetbrains.kotlin.metadata.ProtoBuf$Property$1                               : loaded 2 times (x 142B)
Class com.google.common.cache.AbstractCache$StatsCounter                              : loaded 2 times (x 68B)
Class org.jetbrains.kotlin.protobuf.GeneratedMessageLite$ExtensionDescriptor          : loaded 2 times (x 82B)
Class org.objectweb.asm.FieldVisitor                                                  : loaded 2 times (x 75B)
Class org.jetbrains.kotlin.statistics.metrics.NumberOverridePolicy$AVERAGE            : loaded 2 times (x 83B)
Class org.objectweb.asm.Symbol                                                        : loaded 2 times (x 71B)
Class [Lorg.jetbrains.kotlin.statistics.metrics.StringOverridePolicy;                 : loaded 2 times (x 67B)
Class com.google.common.cache.LocalCache$Strength$1                                   : loaded 2 times (x 79B)
Class com.google.common.cache.LocalCache$Strength$2                                   : loaded 2 times (x 79B)
Class org.jetbrains.kotlin.statistics.metrics.NumericalMetrics                        : loaded 2 times (x 78B)
Class com.google.common.cache.LocalCache$Strength$3                                   : loaded 2 times (x 79B)
Class org.jetbrains.kotlin.resolve.scopes.receivers.ReceiverValue                     : loaded 2 times (x 68B)
Class org.gradle.internal.classloader.ClassLoaderFactory                              : loaded 2 times (x 68B)
Class org.jetbrains.kotlin.gradle.plugin.internal.IdeaSyncDetector$IdeaSyncDetectorVariantFactory: loaded 2 times (x 68B)
Class com.google.common.collect.ObjectArrays                                          : loaded 2 times (x 69B)
Class com.google.common.util.concurrent.AbstractFuture$Waiter                         : loaded 2 times (x 70B)
Class com.google.common.util.concurrent.Uninterruptibles                              : loaded 2 times (x 69B)
Class com.google.common.collect.Iterators$10                                          : loaded 2 times (x 79B)
Class jdk.internal.jimage.ImageHeader                                                 : loaded 2 times (x 69B)
Class com.google.common.collect.ImmutableList                                         : loaded 2 times (x 166B)
Class org.gradle.api.internal.classpath.ManifestUtil                                  : loaded 2 times (x 69B)
Class org.gradle.api.specs.Spec                                                       : loaded 2 times (x 68B)
Class [Lorg.jetbrains.kotlin.gradle.targets.js.npm.NpmDependency$Scope;               : loaded 2 times (x 67B)
Class org.jetbrains.kotlin.gradle.plugin.VariantImplementationFactories$Inject        : loaded 2 times (x 94B)
Class com.google.common.cache.CacheLoader$UnsupportedLoadingOperationException        : loaded 2 times (x 80B)
Class org.jetbrains.kotlin.gradle.dsl.DefaultToolchainSupport$wireToolchainToTasks$1  : loaded 2 times (x 77B)
Class com.google.common.base.CharMatcher$Whitespace                                   : loaded 2 times (x 110B)
Class [Lorg.jetbrains.kotlin.descriptors.CallableMemberDescriptor$Kind;               : loaded 2 times (x 67B)
Class org.jetbrains.kotlin.gradle.plugin.mpp.KotlinUsages$KotlinUsagesDisambiguation  : loaded 2 times (x 74B)
Class com.google.common.util.concurrent.ListenableFuture                              : loaded 2 times (x 68B)
Class org.jetbrains.kotlin.metadata.jvm.deserialization.JvmNameResolverBase$Companion : loaded 2 times (x 69B)
Class [Lorg.jetbrains.kotlin.config.LanguageFeature;                                  : loaded 2 times (x 67B)
Class org.jetbrains.org.objectweb.asm.tree.InvokeDynamicInsnNode                      : loaded 2 times (x 76B)
Class com.google.common.collect.Iterators$1                                           : loaded 2 times (x 79B)
Class org.jetbrains.kotlin.metadata.ProtoBuf$Expression$ConstantValue$1               : loaded 2 times (x 72B)
Class org.jetbrains.org.objectweb.asm.ClassWriter                                     : loaded 2 times (x 102B)
Class org.jetbrains.kotlin.metadata.ProtoBuf$MemberKind                               : loaded 2 times (x 80B)
Class org.jetbrains.kotlin.descriptors.DeclarationDescriptor                          : loaded 2 times (x 68B)
Class com.google.common.collect.Iterators$4                                           : loaded 2 times (x 80B)
Class com.google.common.collect.RegularImmutableMap$BucketOverflowException           : loaded 2 times (x 80B)
Class org.jetbrains.kotlin.gradle.utils.SingleAction                                  : loaded 2 times (x 71B)
Class com.google.common.collect.Iterators$5                                           : loaded 2 times (x 80B)
Class com.google.common.util.concurrent.AbstractFuture$UnsafeAtomicHelper             : loaded 2 times (x 76B)
Class com.google.common.base.Joiner                                                   : loaded 2 times (x 77B)
Class com.google.common.base.Equivalence$Equals                                       : loaded 2 times (x 80B)
Class com.google.common.base.Preconditions                                            : loaded 2 times (x 69B)
Class com.google.common.base.Function                                                 : loaded 2 times (x 68B)
Class com.google.common.collect.Iterators$9                                           : loaded 2 times (x 79B)
Class [Lnet.rubygrapefruit.platform.internal.FunctionResult$Failure;                  : loaded 2 times (x 67B)
Class net.rubygrapefruit.platform.internal.Platform$Windows                           : loaded 2 times (x 77B)
Class org.jetbrains.kotlin.gradle.plugin.sources.FragmentConsistencyChecks$optInAnnotationsCheck$1: loaded 2 times (x 77B)
Class org.jetbrains.kotlin.gradle.plugin.KotlinCompilation                            : loaded 2 times (x 68B)
Class org.jetbrains.kotlin.cli.common.messages.MessageCollector$Companion$NONE$1      : loaded 2 times (x 74B)
Class org.jetbrains.kotlin.protobuf.RopeByteString                                    : loaded 2 times (x 108B)
Class org.gradle.internal.IoActions                                                   : loaded 2 times (x 69B)
Class org.jetbrains.kotlin.gradle.plugin.sources.FragmentConsistencyChecks$optInAnnotationsCheck$2: loaded 2 times (x 76B)
Class org.jetbrains.kotlin.gradle.plugin.VariantImplementationFactories$Companion$getProvider$1: loaded 2 times (x 76B)
Class org.jetbrains.kotlin.config.LanguageFeature$State                               : loaded 2 times (x 80B)
Class org.jetbrains.kotlin.gradle.plugin.mpp.DecoratedKotlinCompilation               : loaded 2 times (x 182B)
Class org.jetbrains.kotlin.statistics.metrics.BooleanOverridePolicy$OR                : loaded 2 times (x 83B)
Class com.google.common.cache.ReferenceEntry                                          : loaded 2 times (x 68B)
Class com.google.common.collect.RegularImmutableMap$KeySet                            : loaded 2 times (x 148B)
Class com.google.common.collect.CollectPreconditions                                  : loaded 2 times (x 69B)
Class [Lorg.jetbrains.kotlin.statistics.metrics.BooleanOverridePolicy;                : loaded 2 times (x 67B)
Class org.jetbrains.kotlin.metadata.ProtoBuf$Type$Argument$Projection                 : loaded 2 times (x 80B)
Class com.google.common.primitives.IntsMethodsForWeb                                  : loaded 2 times (x 69B)
Class [Lorg.jetbrains.kotlin.statistics.metrics.IMetricContainerFactory;              : loaded 2 times (x 67B)
Class com.google.common.collect.Maps                                                  : loaded 2 times (x 69B)
Class org.jetbrains.kotlin.metadata.deserialization.Flags$BooleanFlagField            : loaded 2 times (x 74B)
Class com.google.common.collect.RegularImmutableMap                                   : loaded 2 times (x 119B)
Class org.jetbrains.kotlin.metadata.ProtoBuf$TypeParameter$1                          : loaded 2 times (x 142B)
Class jdk.internal.jimage.decompressor.StringSharingDecompressorFactory               : loaded 2 times (x 72B)
Class org.jetbrains.kotlin.gradle.internal.Kapt3GradleSubplugin$Kapt3SubpluginContext : loaded 2 times (x 70B)
Class com.google.common.collect.AbstractIndexedListIterator                           : loaded 2 times (x 94B)
Class org.jetbrains.kotlin.statistics.metrics.NumberAnonymizationPolicy$RANDOM_10_PERCENT: loaded 2 times (x 83B)
Class com.google.common.base.CharMatcher$None                                         : loaded 2 times (x 110B)
Class net.rubygrapefruit.platform.internal.NativeLibraryLocator                       : loaded 2 times (x 71B)
Class org.jetbrains.org.objectweb.asm.tree.TypeAnnotationNode                         : loaded 2 times (x 78B)
Class org.jetbrains.kotlin.metadata.ProtoBuf$Annotation$Argument$Value$Type           : loaded 2 times (x 80B)
Class [Lorg.jetbrains.kotlin.load.kotlin.header.KotlinClassHeader$Kind;               : loaded 2 times (x 67B)
Class org.jetbrains.kotlin.gradle.tasks.TasksProviderKt$sam$org_gradle_api_Action$0   : loaded 2 times (x 73B)
Class org.jetbrains.org.objectweb.asm.AnnotationVisitor                               : loaded 2 times (x 75B)
Class org.gradle.api.internal.classpath.EffectiveClassPath                            : loaded 2 times (x 88B)
Class com.google.common.collect.UnmodifiableListIterator                              : loaded 2 times (x 93B)
Class org.jetbrains.kotlin.gradle.targets.js.npm.DefaultNpmDependencyExtension        : loaded 2 times (x 150B)
Class com.google.common.cache.CacheLoader$FunctionToCacheLoader                       : loaded 2 times (x 73B)
Class org.jetbrains.kotlin.gradle.plugin.internal.DefaultKotlinTestReportCompatibilityHelperVariantFactory: loaded 2 times (x 72B)
Class com.google.common.cache.CacheBuilder$1                                          : loaded 2 times (x 83B)
Class com.google.common.cache.CacheBuilder$2                                          : loaded 2 times (x 70B)
Class com.google.common.collect.ImmutableList$1                                       : loaded 2 times (x 95B)
Class com.google.common.base.Splitter$Strategy                                        : loaded 2 times (x 68B)
Class com.google.common.collect.ImmutableMapEntrySet$RegularEntrySet                  : loaded 2 times (x 149B)
Class org.jetbrains.kotlin.gradle.plugin.internal.BasePluginConfiguration$BasePluginConfigurationVariantFactory: loaded 2 times (x 68B)
Class [Lcom.google.common.cache.RemovalListener;                                      : loaded 2 times (x 67B)
Class [Lcom.google.common.collect.ImmutableMapEntry;                                  : loaded 2 times (x 67B)
Class org.jetbrains.kotlin.gradle.utils.ObjectCollectionExtKt                         : loaded 2 times (x 69B)
Class net.rubygrapefruit.platform.internal.Platform$Unsupported                       : loaded 2 times (x 77B)
Class org.jetbrains.org.objectweb.asm.tree.TypeInsnNode                               : loaded 2 times (x 77B)
Class org.jetbrains.kotlin.gradle.plugin.internal.DefaultMppTestReportHelperVariantFactory: loaded 2 times (x 72B)
Class org.jetbrains.kotlin.statistics.metrics.IStatisticsValuesConsumer               : loaded 2 times (x 68B)
Class org.gradle.internal.installation.CurrentGradleInstallation                      : loaded 2 times (x 71B)
Class org.jetbrains.kotlin.gradle.plugin.sources.FragmentConsistencyChecks$languageVersionCheck$1: loaded 2 times (x 77B)
Class org.jetbrains.kotlin.gradle.plugin.sources.FragmentConsistencyChecks$languageVersionCheck$2: loaded 2 times (x 76B)
Class org.gradle.internal.installation.CurrentGradleInstallationLocator               : loaded 2 times (x 69B)
Class org.jetbrains.kotlin.gradle.plugin.internal.KotlinTestReportCompatibilityHelper$KotlinTestReportCompatibilityHelperVariantFactory: loaded 2 times (x 68B)
Class [Lcom.google.common.cache.LocalCache$Segment;                                   : loaded 2 times (x 67B)
Class org.jetbrains.kotlin.metadata.ProtoBuf$VersionRequirement$Level$1               : loaded 2 times (x 72B)
Class org.gradle.api.internal.classpath.Module                                        : loaded 2 times (x 68B)
Class com.google.common.base.Splitter$1$1                                             : loaded 2 times (x 84B)
Class org.jetbrains.org.objectweb.asm.ClassReader                                     : loaded 2 times (x 90B)
Class org.jetbrains.kotlin.gradle.report.BuildReportMode                              : loaded 2 times (x 77B)
Class net.rubygrapefruit.platform.internal.NativeLibraryLoader                        : loaded 2 times (x 71B)
Class native_plugin_loader_1ntn56gzehiyg16lpnc6v45k3                                  : loaded 2 times (x 175B)
Class com.google.common.collect.ImmutableSet$JdkBackedSetBuilderImpl                  : loaded 2 times (x 74B)
Class org.jetbrains.kotlin.protobuf.CodedOutputStream$ByteBufferOutputStream          : loaded 2 times (x 84B)
Class org.jetbrains.kotlin.gradle.dsl.KotlinJvmCompilerOptionsDefault_Decorated       : loaded 2 times (x 157B)
Class com.google.common.collect.ImmutableSet$RegularSetBuilderImpl                    : loaded 2 times (x 75B)
Class [Lorg.objectweb.asm.AnnotationWriter;                                           : loaded 2 times (x 67B)
Class org.gradle.internal.service.CachingServiceLocator                               : loaded 2 times (x 80B)
Class org.jetbrains.kotlin.gradle.plugin.KotlinPlatformType$Companion                 : loaded 2 times (x 69B)
Class org.jetbrains.kotlin.descriptors.DescriptorVisibility                           : loaded 2 times (x 75B)
Class org.jetbrains.org.objectweb.asm.ModuleWriter                                    : loaded 2 times (x 79B)
Class org.jetbrains.kotlin.gradle.tooling.BuildKotlinToolingMetadataTaskKt            : loaded 2 times (x 69B)
Class org.jetbrains.kotlin.statistics.metrics.BooleanOverridePolicy                   : loaded 2 times (x 83B)
Class [Lcom.google.common.collect.ImmutableEntry;                                     : loaded 2 times (x 67B)
Class net.rubygrapefruit.platform.internal.Platform$Linux64Bit                        : loaded 2 times (x 81B)
Class org.jetbrains.kotlin.metadata.ProtoBuf$Type$Argument$Projection$1               : loaded 2 times (x 72B)
Class org.gradle.internal.classpath.DefaultClassPath                                  : loaded 2 times (x 88B)
Class org.jetbrains.kotlin.descriptors.CallableMemberDescriptor$Kind                  : loaded 2 times (x 77B)
Class org.jetbrains.kotlin.metadata.jvm.deserialization.JvmNameResolverBase           : loaded 2 times (x 78B)
Class org.jetbrains.kotlin.gradle.plugin.KotlinBasePlugin                             : loaded 2 times (x 68B)
Class org.jetbrains.kotlin.descriptors.Visibilities$Private                           : loaded 2 times (x 77B)
Class org.jetbrains.kotlin.statistics.metrics.BooleanMetrics                          : loaded 2 times (x 78B)
Class [Lorg.jetbrains.kotlin.metadata.ProtoBuf$Annotation$Argument$Value$Type;        : loaded 2 times (x 67B)
Class org.jetbrains.kotlin.gradle.plugin.KotlinGradleBuildServices$detectKotlinPluginLoadedInMultipleProjects$onRegister$1: loaded 2 times (x 77B)
Class [Lorg.jetbrains.kotlin.gradle.report.BuildReportType;                           : loaded 2 times (x 67B)
Class com.google.common.util.concurrent.AbstractFuture$SetFuture                      : loaded 2 times (x 73B)
Class org.jetbrains.org.objectweb.asm.FieldVisitor                                    : loaded 2 times (x 74B)
Class org.jetbrains.kotlin.cli.common.messages.CompilerMessageSeverity                : loaded 2 times (x 77B)
Class org.jetbrains.kotlin.gradle.internal.StdlibDependencyManagementKt               : loaded 2 times (x 69B)
Class [Lorg.jetbrains.org.objectweb.asm.tree.AbstractInsnNode;                        : loaded 2 times (x 67B)
Class org.jetbrains.org.objectweb.asm.tree.VarInsnNode                                : loaded 2 times (x 77B)
Class org.jetbrains.kotlin.gradle.plugin.mpp.KotlinUsages$KotlinCinteropDisambiguation: loaded 2 times (x 74B)
Class org.jetbrains.kotlin.statistics.metrics.NumberOverridePolicy                    : loaded 2 times (x 83B)
Class org.jetbrains.kotlin.protobuf.ExtensionRegistryLite                             : loaded 2 times (x 72B)
Class [Lorg.jetbrains.kotlin.descriptors.DescriptorVisibility;                        : loaded 2 times (x 67B)
Class org.jetbrains.org.objectweb.asm.tree.LineNumberNode                             : loaded 2 times (x 77B)
Class org.jetbrains.kotlin.protobuf.InvalidProtocolBufferException                    : loaded 2 times (x 82B)
Class jdk.internal.jimage.BasicImageReader                                            : loaded 2 times (x 93B)
Class org.jetbrains.kotlin.metadata.ProtoBuf$Effect$EffectType                        : loaded 2 times (x 80B)
Class com.google.common.base.Splitter$SplittingIterator                               : loaded 2 times (x 82B)
Class org.jetbrains.kotlin.gradle.targets.js.npm.DefaultDevNpmDependencyExtension     : loaded 2 times (x 143B)
Class org.jetbrains.kotlin.statistics.metrics.IStatisticsValuesConsumer$DefaultImpls  : loaded 2 times (x 69B)
Class org.jetbrains.kotlin.protobuf.GeneratedMessageLite                              : loaded 2 times (x 99B)
Class org.jetbrains.kotlin.gradle.plugin.sources.DefaultKotlinSourceSetKt$defaultSourceSetLanguageSettingsChecker$1: loaded 2 times (x 76B)
Class org.jetbrains.org.objectweb.asm.tree.LocalVariableAnnotationNode                : loaded 2 times (x 79B)
Class org.jetbrains.kotlin.gradle.plugin.sources.DefaultKotlinSourceSetKt$defaultSourceSetLanguageSettingsChecker$2: loaded 2 times (x 76B)
Class org.jetbrains.kotlin.statistics.metrics.StringAnonymizationPolicy$AllowedListAnonymizer$Companion: loaded 2 times (x 69B)
Class com.google.common.cache.LocalCache$LocalManualCache$1                           : loaded 2 times (x 73B)
Class org.jetbrains.kotlin.metadata.ProtoBuf$Visibility$1                             : loaded 2 times (x 72B)
Class org.jetbrains.org.objectweb.asm.Attribute                                       : loaded 2 times (x 75B)
Class org.objectweb.asm.ModuleVisitor                                                 : loaded 2 times (x 79B)
Class [Lorg.jetbrains.kotlin.statistics.metrics.StringMetrics;                        : loaded 2 times (x 67B)
Class org.jetbrains.kotlin.load.kotlin.header.KotlinClassHeader$Kind                  : loaded 2 times (x 77B)
Class Build_gradle$2                                                                  : loaded 2 times (x 73B)
Class net.rubygrapefruit.platform.internal.FunctionResult$Failure                     : loaded 2 times (x 77B)
Class jdk.internal.jimage.ImageLocation                                               : loaded 2 times (x 88B)
Class [Lorg.jetbrains.kotlin.gradle.plugin.sources.ConsistencyCheck;                  : loaded 2 times (x 67B)
Class org.jetbrains.kotlin.gradle.plugin.KotlinSourceSet                              : loaded 2 times (x 68B)
Class org.jetbrains.kotlin.gradle.plugin.ProjectLocalConfigurations$ProjectLocalCompatibility: loaded 2 times (x 74B)
Class org.jetbrains.kotlin.config.ExplicitApiMode                                     : loaded 2 times (x 77B)
Class org.jetbrains.kotlin.gradle.targets.js.npm.NpmDirectoryDependencyWithExternalsExtension: loaded 2 times (x 68B)
Class org.jetbrains.kotlin.gradle.report.BuildMetricsService$Companion                : loaded 2 times (x 69B)
Class org.objectweb.asm.SymbolTable$Entry                                             : loaded 2 times (x 72B)
Class [Lcom.google.common.cache.LocalCache$EntryFactory;                              : loaded 2 times (x 67B)
Class net.rubygrapefruit.platform.internal.jni.NativeLibraryFunctions                 : loaded 2 times (x 69B)
Class org.jetbrains.kotlin.metadata.jvm.JvmProtoBuf$StringTableTypes$Record$Operation$1: loaded 2 times (x 72B)
Class jdk.internal.jimage.ImageReader$Node                                            : loaded 2 times (x 82B)
Class org.jetbrains.kotlin.gradle.plugin.KotlinTarget                                 : loaded 2 times (x 68B)
Class org.jetbrains.kotlin.load.kotlin.FileBasedKotlinClass$OuterAndInnerName         : loaded 2 times (x 70B)
Class org.jetbrains.kotlin.gradle.targets.js.npm.NpmDependencyExtensionKt             : loaded 2 times (x 69B)
Class org.jetbrains.kotlin.gradle.plugin.statistics.KotlinBuildStatsService$Companion$getOrCreateInstance$1: loaded 2 times (x 77B)
Class com.google.common.base.CharMatcher$Is                                           : loaded 2 times (x 109B)
Class com.google.common.base.Platform                                                 : loaded 2 times (x 69B)
Class com.google.common.collect.RegularImmutableAsList                                : loaded 2 times (x 176B)
Class com.google.common.collect.PeekingIterator                                       : loaded 2 times (x 68B)
Class jdk.internal.jimage.decompressor.CompressedResourceHeader                       : loaded 2 times (x 69B)
Class org.jetbrains.kotlin.metadata.ProtoBuf$ValueParameterOrBuilder                  : loaded 2 times (x 68B)
Class org.jetbrains.kotlin.gradle.plugin.statistics.KotlinBuildStatHandler$Companion  : loaded 2 times (x 69B)
Class org.jetbrains.kotlin.gradle.plugin.KotlinGradleFinishBuildHandler$Companion     : loaded 2 times (x 69B)
Class org.jetbrains.kotlin.gradle.plugin.KotlinTargetsContainer                       : loaded 2 times (x 68B)
Class org.jetbrains.kotlin.project.model.LanguageSettings                             : loaded 2 times (x 68B)
Class org.jetbrains.kotlin.gradle.plugin.sources.DefaultKotlinSourceSetKt             : loaded 2 times (x 69B)
Class org.jetbrains.kotlin.descriptors.Named                                          : loaded 2 times (x 68B)
Class org.jetbrains.kotlin.load.kotlin.KotlinJvmBinaryClass$AnnotationArgumentVisitor : loaded 2 times (x 68B)
Class [Lorg.jetbrains.kotlin.metadata.ProtoBuf$Expression$ConstantValue;              : loaded 2 times (x 67B)
Class org.jetbrains.kotlin.serialization.deserialization.ProtoEnumFlags               : loaded 2 times (x 69B)
Class jdk.internal.jrtfs.JrtPath                                                      : loaded 2 times (x 116B)
Class org.jetbrains.kotlin.descriptors.Visibilities$Public                            : loaded 2 times (x 77B)
Class com.google.common.collect.ImmutableMapEntrySet                                  : loaded 2 times (x 149B)
Class org.jetbrains.kotlin.metadata.jvm.JvmProtoBuf$JvmMethodSignatureOrBuilder       : loaded 2 times (x 68B)
Class org.jetbrains.kotlin.metadata.ProtoBuf$Annotation$Builder                       : loaded 2 times (x 134B)
Class org.jetbrains.kotlin.gradle.plugin.KotlinTargetComponent                        : loaded 2 times (x 68B)
Class org.jetbrains.kotlin.gradle.plugin.sources.DefaultKotlinSourceSet$MetadataDependencyTransformation: loaded 2 times (x 70B)
Class com.google.common.cache.CacheLoader                                             : loaded 2 times (x 72B)
Class jdk.internal.jimage.ImageStrings                                                : loaded 2 times (x 68B)
Class org.jetbrains.kotlin.gradle.internal.Kapt3GradleSubplugin$Companion             : loaded 2 times (x 69B)
Class com.google.common.collect.ImmutableBiMapFauxverideShim                          : loaded 2 times (x 118B)
Class [Lorg.jetbrains.kotlin.statistics.metrics.BooleanAnonymizationPolicy;           : loaded 2 times (x 67B)
Class org.objectweb.asm.MethodTooLargeException                                       : loaded 2 times (x 81B)
Class NativePluginLoader$getDependenciesMetadata$0                                    : loaded 2 times (x 150B)
Class org.jetbrains.kotlin.config.JVMAssertionsMode                                   : loaded 2 times (x 77B)
Class jdk.internal.jrtfs.JrtFileAttributes                                            : loaded 2 times (x 81B)
Class [Lorg.jetbrains.kotlin.metadata.ProtoBuf$Effect$InvocationKind;                 : loaded 2 times (x 67B)
Class org.jetbrains.kotlin.gradle.utils.GradleUtilsKt                                 : loaded 2 times (x 69B)
Class com.google.common.cache.Cache                                                   : loaded 2 times (x 68B)
Class org.jetbrains.kotlin.metadata.ProtoBuf$ExpressionOrBuilder                      : loaded 2 times (x 68B)
Class org.jetbrains.kotlin.gradle.dsl.KotlinJsProjectExtension                        : loaded 2 times (x 105B)
Class org.jetbrains.kotlin.gradle.plugin.mpp.AbstractKotlinCompilationToRunnableFiles : loaded 2 times (x 188B)
Class org.jetbrains.kotlin.config.ApiVersion                                          : loaded 2 times (x 84B)
Class org.jetbrains.kotlin.metadata.ProtoBuf$Class$1                                  : loaded 2 times (x 142B)
Class org.gradle.internal.classloader.SystemClassLoaderSpec                           : loaded 2 times (x 69B)
Class org.jetbrains.kotlin.gradle.plugin.LanguageSettingsBuilder                      : loaded 2 times (x 68B)
Class org.jetbrains.kotlin.statistics.metrics.StringAnonymizationPolicy$ComponentVersionAnonymizer: loaded 2 times (x 76B)
Class com.google.common.util.concurrent.internal.InternalFutureFailureAccess          : loaded 2 times (x 70B)
Class org.jetbrains.kotlin.utils.StringsKt                                            : loaded 2 times (x 69B)
Class org.jetbrains.org.objectweb.asm.ByteVector                                      : loaded 2 times (x 76B)
Class org.jetbrains.kotlin.metadata.jvm.JvmProtoBuf$StringTableTypes$Record$Operation : loaded 2 times (x 80B)
Class [Lorg.jetbrains.kotlin.metadata.ProtoBuf$Modality;                              : loaded 2 times (x 67B)
Class org.jetbrains.kotlin.gradle.plugin.VariantImplementationFactories$VariantImplementationFactory: loaded 2 times (x 68B)
Class com.google.common.base.Charsets                                                 : loaded 2 times (x 69B)
Class net.rubygrapefruit.platform.internal.Platform$FreeBSD64Bit                      : loaded 2 times (x 80B)
Class org.jetbrains.kotlin.metadata.ProtoBuf$ValueParameter$1                         : loaded 2 times (x 142B)
Class com.google.common.primitives.Ints$IntConverter                                  : loaded 2 times (x 88B)
Class org.jetbrains.kotlin.protobuf.UninitializedMessageException                     : loaded 2 times (x 82B)
Class org.jetbrains.kotlin.protobuf.GeneratedMessageLite$ExtendableMessageOrBuilder   : loaded 2 times (x 68B)
Class org.jetbrains.kotlin.gradle.plugin.KotlinGradleBuildServices$Parameters$Inject  : loaded 2 times (x 106B)
Class com.google.common.collect.SingletonImmutableSet                                 : loaded 2 times (x 144B)
Class org.jetbrains.kotlin.descriptors.SourceElement                                  : loaded 2 times (x 68B)
Class [Lcom.google.common.base.AbstractIterator$State;                                : loaded 2 times (x 67B)
Class org.jetbrains.kotlin.metadata.jvm.deserialization.JvmProtoBufUtil               : loaded 2 times (x 69B)
Class org.jetbrains.kotlin.gradle.plugin.KotlinBasePluginWrapper                      : loaded 2 times (x 85B)
Class org.jetbrains.org.objectweb.asm.tree.IincInsnNode                               : loaded 2 times (x 76B)
Class com.google.common.collect.ImmutableMap$Builder                                  : loaded 2 times (x 80B)
Class com.google.common.base.AbstractIterator                                         : loaded 2 times (x 78B)
Class net.rubygrapefruit.platform.internal.Platform$MacOs                             : loaded 2 times (x 80B)
Class org.jetbrains.kotlin.compilerRunner.GradleCliCommonizerKt$maybeCreateCommonizerClasspathConfiguration$1$1: loaded 2 times (x 77B)
Class org.jetbrains.kotlin.cli.common.CompilerSystemProperties$Companion              : loaded 2 times (x 69B)
Class org.jetbrains.kotlin.gradle.plugin.mpp.KotlinJvmAndroidCompilation              : loaded 2 times (x 190B)
Class org.jetbrains.kotlin.gradle.dsl.KotlinProjectExtension                          : loaded 2 times (x 89B)
Class org.jetbrains.kotlin.gradle.plugin.KotlinPlatformType$CompatibilityRule         : loaded 2 times (x 74B)
Class org.objectweb.asm.ClassWriter                                                   : loaded 2 times (x 104B)
Class org.jetbrains.kotlin.gradle.targets.js.npm.NpmDependency                        : loaded 2 times (x 99B)
Class org.jetbrains.kotlin.gradle.plugin.KotlinGradleFinishBuildHandler               : loaded 2 times (x 70B)
Class org.jetbrains.org.objectweb.asm.TypePath                                        : loaded 2 times (x 70B)
Class org.jetbrains.kotlin.protobuf.RopeByteString$RopeInputStream                    : loaded 2 times (x 90B)
Class [Lorg.jetbrains.kotlin.config.JVMAssertionsMode;                                : loaded 2 times (x 67B)
Class org.jetbrains.org.objectweb.asm.tree.MethodInsnNode                             : loaded 2 times (x 78B)
Class org.jetbrains.org.objectweb.asm.Label                                           : loaded 2 times (x 71B)
Class jdk.internal.jimage.decompressor.ResourceDecompressorRepository                 : loaded 2 times (x 69B)
Class org.jetbrains.kotlin.gradle.plugin.KotlinGradleBuildServices$Companion$registerIfAbsent$1: loaded 2 times (x 77B)
Class org.jetbrains.org.objectweb.asm.tree.LabelNode                                  : loaded 2 times (x 78B)
Class org.jetbrains.kotlin.metadata.ProtoBuf$PropertyOrBuilder                        : loaded 2 times (x 68B)
Class org.jetbrains.kotlin.gradle.dsl.KotlinVersion                                   : loaded 2 times (x 77B)
Class com.google.common.base.AbstractIterator$1                                       : loaded 2 times (x 69B)
Class org.jetbrains.kotlin.config.MavenComparableVersion$Item                         : loaded 2 times (x 68B)
Class [Lcom.google.common.cache.CacheBuilder$OneWeigher;                              : loaded 2 times (x 67B)
Class org.jetbrains.kotlin.gradle.targets.js.npm.NpmDependency$Scope                  : loaded 2 times (x 77B)
Class com.google.common.collect.Iterators                                             : loaded 2 times (x 69B)
Class net.rubygrapefruit.platform.NativeIntegrationLinkageException                   : loaded 2 times (x 80B)
Class org.jetbrains.kotlin.metadata.ProtoBuf$Expression$ConstantValue                 : loaded 2 times (x 80B)
Class org.jetbrains.kotlin.gradle.plugin.mpp.KotlinUsages$KotlinMetadataDisambiguation: loaded 2 times (x 74B)
Class com.google.common.base.CharMatcher$1                                            : loaded 2 times (x 111B)
Class com.google.common.base.CharMatcher$Ascii                                        : loaded 2 times (x 110B)
Class org.jetbrains.kotlin.metadata.ProtoBuf$Annotation$Argument$Value$1              : loaded 2 times (x 142B)
Class com.google.common.cache.LocalCache$ComputingValueReference                      : loaded 2 times (x 94B)
Class org.jetbrains.kotlin.cli.common.arguments.CommonCompilerArguments               : loaded 2 times (x 75B)
Class org.jetbrains.kotlin.gradle.dsl.KotlinJvmOptions                                : loaded 2 times (x 68B)
Class org.jetbrains.kotlin.metadata.ProtoBuf$EnumEntryOrBuilder                       : loaded 2 times (x 68B)
Class org.gradle.api.UncheckedIOException                                             : loaded 2 times (x 80B)
Class com.google.common.base.CharMatcher$And                                          : loaded 2 times (x 110B)
Class org.jetbrains.kotlin.metadata.ProtoBuf$Annotation$Argument                      : loaded 2 times (x 106B)
Class org.jetbrains.kotlin.gradle.plugin.KotlinTargetsContainerWithPresets            : loaded 2 times (x 68B)
Class org.jetbrains.kotlin.gradle.utils.MutableObservableSet                          : loaded 2 times (x 68B)
Class com.google.common.collect.IndexedImmutableSet                                   : loaded 2 times (x 148B)
Class org.jetbrains.kotlin.metadata.jvm.JvmProtoBuf$JvmPropertySignature$Builder      : loaded 2 times (x 139B)
Class org.jetbrains.kotlin.metadata.ProtoBuf$Class                                    : loaded 2 times (x 178B)
Class org.jetbrains.kotlin.protobuf.ByteString$Output                                 : loaded 2 times (x 84B)
Class org.jetbrains.kotlin.gradle.plugin.mpp.pm20.KotlinPm20ProjectExtension          : loaded 2 times (x 84B)
Class org.jetbrains.kotlin.gradle.plugin.statistics.KotlinBuildStatsService           : loaded 2 times (x 89B)
Class org.jetbrains.kotlin.metadata.ProtoBuf$Contract                                 : loaded 2 times (x 105B)
Class [Lorg.jetbrains.kotlin.metadata.ProtoBuf$MemberKind;                            : loaded 2 times (x 67B)
Class org.jetbrains.kotlin.gradle.plugin.KotlinSourceSetContainer                     : loaded 2 times (x 68B)
Class org.jetbrains.kotlin.statistics.metrics.StringOverridePolicy$CONCAT             : loaded 2 times (x 83B)
Class org.jetbrains.kotlin.statistics.metrics.NumberOverridePolicy$OVERRIDE           : loaded 2 times (x 83B)
Class org.jetbrains.org.objectweb.asm.SymbolTable                                     : loaded 2 times (x 70B)
Class org.jetbrains.kotlin.protobuf.SmallSortedMap$Entry                              : loaded 2 times (x 86B)
Class org.jetbrains.kotlin.metadata.ProtoBuf$VersionRequirementTable                  : loaded 2 times (x 105B)
Class com.google.common.collect.IndexedImmutableSet$1                                 : loaded 2 times (x 172B)
Class org.jetbrains.kotlin.metadata.jvm.deserialization.BitEncoding                   : loaded 2 times (x 69B)
Class org.jetbrains.kotlin.metadata.ProtoBuf$Package                                  : loaded 2 times (x 127B)
Class jdk.internal.jimage.decompressor.ResourceDecompressor$StringsProvider           : loaded 2 times (x 68B)
Class com.google.common.collect.AbstractListMultimap                                  : loaded 2 times (x 170B)
Class com.google.common.base.CharMatcher$Any                                          : loaded 2 times (x 110B)
Class org.jetbrains.kotlin.load.kotlin.header.ReadKotlinClassHeaderAnnotationVisitor  : loaded 2 times (x 78B)
Class org.jetbrains.kotlin.metadata.jvm.deserialization.JvmMemberSignature$Method     : loaded 2 times (x 73B)
Class jdk.internal.jimage.decompressor.Decompressor                                   : loaded 2 times (x 70B)
Class com.google.common.cache.LocalCache$Strength                                     : loaded 2 times (x 79B)
Class org.jetbrains.kotlin.gradle.tooling.BuildKotlinToolingMetadataTaskKt$buildKotlinToolingMetadataTask$1: loaded 2 times (x 76B)
Class org.jetbrains.kotlin.protobuf.SmallSortedMap$EmptySet                           : loaded 2 times (x 69B)
Class org.jetbrains.kotlin.metadata.ProtoBuf$Function$1                               : loaded 2 times (x 142B)
Class jdk.internal.jrtfs.JrtFileSystem                                                : loaded 2 times (x 100B)
Class org.jetbrains.kotlin.gradle.dsl.KotlinTargetContainerWithNativeShortcuts        : loaded 2 times (x 68B)
Class org.jetbrains.kotlin.gradle.utils.ConfigurationCacheKt                          : loaded 2 times (x 69B)
Class com.google.common.collect.ArrayListMultimapGwtSerializationDependencies         : loaded 2 times (x 170B)
Class com.google.common.base.CharMatcher$RangesMatcher                                : loaded 2 times (x 110B)
Class org.objectweb.asm.Handler                                                       : loaded 2 times (x 70B)
Class org.gradle.api.internal.classpath.GlobalCacheRootsProvider                      : loaded 2 times (x 68B)
Class org.jetbrains.kotlin.protobuf.AbstractParser                                    : loaded 2 times (x 142B)
Class [Lorg.jetbrains.org.objectweb.asm.Symbol;                                       : loaded 2 times (x 67B)
Class com.google.common.collect.ImmutableList$SubList                                 : loaded 2 times (x 168B)
Class net.rubygrapefruit.platform.internal.Platform$Linux32Bit                        : loaded 2 times (x 81B)
Class org.jetbrains.kotlin.metadata.jvm.JvmProtoBuf$JvmPropertySignature              : loaded 2 times (x 112B)
Class org.jetbrains.org.objectweb.asm.tree.AbstractInsnNode                           : loaded 2 times (x 76B)
Class net.rubygrapefruit.platform.internal.Platform$MacOs64Bit                        : loaded 2 times (x 80B)
Class jdk.internal.jrtfs.JrtFileSystemProvider                                        : loaded 2 times (x 97B)
Class org.jetbrains.kotlin.gradle.plugin.mpp.KotlinUsages$setupAttributesMatchingStrategy$1: loaded 2 times (x 76B)
Class com.google.common.cache.LocalCache$ValueReference                               : loaded 2 times (x 68B)
Class org.jetbrains.kotlin.gradle.dsl.KotlinTopLevelExtension                         : loaded 2 times (x 84B)
Class org.jetbrains.kotlin.gradle.dsl.JvmTarget                                       : loaded 2 times (x 77B)
Class org.jetbrains.kotlin.gradle.utils.ObservableSet                                 : loaded 2 times (x 68B)
Class org.jetbrains.org.objectweb.asm.RecordComponentWriter                           : loaded 2 times (x 76B)
Class [Lorg.jetbrains.kotlin.metadata.ProtoBuf$Class$Kind;                            : loaded 2 times (x 67B)
Class org.jetbrains.org.objectweb.asm.tree.JumpInsnNode                               : loaded 2 times (x 77B)
Class org.gradle.internal.classloader.ClasspathUtil                                   : loaded 2 times (x 69B)
Class org.jetbrains.kotlin.metadata.deserialization.ProtoBufUtilKt                    : loaded 2 times (x 69B)
Class jdk.internal.jrtfs.JrtDirectoryStream                                           : loaded 2 times (x 87B)
Class org.jetbrains.kotlin.gradle.internal.StdlibDependencyManagementKt$configureStdlibVersionAlignment$1: loaded 2 times (x 77B)
Class org.objectweb.asm.CurrentFrame                                                  : loaded 2 times (x 71B)
Class com.google.common.util.concurrent.AbstractFuture                                : loaded 2 times (x 93B)
Class org.jetbrains.kotlin.metadata.ProtoBuf$TypeParameter$Variance                   : loaded 2 times (x 80B)
Class org.jetbrains.org.objectweb.asm.SymbolTable$Entry                               : loaded 2 times (x 72B)
Class org.jetbrains.kotlin.gradle.dsl.KotlinCommonCompilerToolOptions                 : loaded 2 times (x 68B)
Class org.jetbrains.kotlin.gradle.utils.GradleConfigurationUtilsKt$addGradlePluginMetadataAttributes$1: loaded 2 times (x 77B)
Class org.jetbrains.kotlin.tooling.core.HasMutableExtras                              : loaded 2 times (x 68B)
Class org.jetbrains.kotlin.metadata.deserialization.Flags$EnumLiteFlagField           : loaded 2 times (x 74B)
Class org.jetbrains.kotlin.metadata.ProtoBuf$TypeAlias                                : loaded 2 times (x 135B)
Class org.jetbrains.kotlin.protobuf.WireFormat$FieldType$1                            : loaded 2 times (x 81B)
Class org.jetbrains.kotlin.protobuf.WireFormat$FieldType$2                            : loaded 2 times (x 81B)
Class jdk.internal.jimage.decompressor.ResourceDecompressor                           : loaded 2 times (x 68B)
Class org.jetbrains.kotlin.protobuf.WireFormat$FieldType$3                            : loaded 2 times (x 81B)
Class org.jetbrains.kotlin.protobuf.WireFormat$FieldType$4                            : loaded 2 times (x 81B)
Class org.jetbrains.kotlin.protobuf.MessageLite$Builder                               : loaded 2 times (x 68B)
Class com.google.common.base.Splitter$1                                               : loaded 2 times (x 75B)
Class org.jetbrains.kotlin.compilerRunner.GradleCliCommonizerKt                       : loaded 2 times (x 69B)
Class org.jetbrains.kotlin.gradle.plugin.internal.JavaSourceSetsAccessor$JavaSourceSetsAccessorVariantFactory: loaded 2 times (x 68B)
Class com.google.common.base.Ticker$1                                                 : loaded 2 times (x 70B)
Class com.google.common.collect.Maps$BiMapConverter                                   : loaded 2 times (x 88B)
Class org.jetbrains.org.objectweb.asm.tree.IntInsnNode                                : loaded 2 times (x 77B)
Class org.gradle.api.internal.DefaultClassPathRegistry                                : loaded 2 times (x 74B)
Class com.google.common.collect.Iterators$MergingIterator                             : loaded 2 times (x 79B)
Class org.jetbrains.kotlin.gradle.dsl.ToolchainSupport$Companion                      : loaded 2 times (x 69B)
Class [Lorg.objectweb.asm.Symbol;                                                     : loaded 2 times (x 67B)
Class com.google.common.util.concurrent.AbstractFuture$Cancellation                   : loaded 2 times (x 70B)
Class org.jetbrains.kotlin.descriptors.Visibilities$Internal                          : loaded 2 times (x 77B)
Class org.jetbrains.kotlin.metadata.ProtoBuf$Expression                               : loaded 2 times (x 118B)
Class org.jetbrains.kotlin.descriptors.Visibilities$PrivateToThis                     : loaded 2 times (x 77B)
Class com.google.common.collect.ImmutableSet$SetBuilderImpl                           : loaded 2 times (x 74B)
Class org.jetbrains.kotlin.load.kotlin.header.ReadKotlinClassHeaderAnnotationVisitor$KotlinMetadataArgumentVisitor: loaded 2 times (x 84B)
Class org.jetbrains.kotlin.protobuf.FieldSet                                          : loaded 2 times (x 70B)
Class org.jetbrains.kotlin.gradle.plugin.KotlinGradleBuildServices$Parameters_Decorated: loaded 2 times (x 134B)
Class org.jetbrains.kotlin.metadata.deserialization.TypeTable                         : loaded 2 times (x 70B)
Class [Lorg.jetbrains.kotlin.metadata.ProtoBuf$TypeParameter$Variance;                : loaded 2 times (x 67B)
Class org.jetbrains.kotlin.statistics.metrics.NumberAnonymizationPolicy               : loaded 2 times (x 83B)
Class org.gradle.api.internal.classpath.DefaultModuleRegistry$DefaultModule           : loaded 2 times (x 84B)
Class net.rubygrapefruit.platform.internal.Platform                                   : loaded 2 times (x 77B)
Class org.jetbrains.kotlin.gradle.plugin.mpp.KotlinVariant                            : loaded 2 times (x 98B)
Class com.google.common.base.CharMatcher$JavaIsoControl                               : loaded 2 times (x 110B)
Class org.jetbrains.org.objectweb.asm.tree.FieldInsnNode                              : loaded 2 times (x 77B)
Class org.jetbrains.kotlin.metadata.deserialization.NameResolver                      : loaded 2 times (x 68B)
Class com.google.common.collect.ImmutableMap$1                                        : loaded 2 times (x 79B)
Class org.jetbrains.kotlin.config.ApiVersion$Companion                                : loaded 2 times (x 69B)
Class org.jetbrains.kotlin.gradle.targets.js.npm.NpmDependencyExtension               : loaded 2 times (x 68B)
Class org.jetbrains.kotlin.gradle.targets.js.npm.PeerNpmDependencyExtension           : loaded 2 times (x 68B)
Class org.jetbrains.kotlin.gradle.plugin.PropertiesProvider$localProperties$2         : loaded 2 times (x 77B)
Class org.jetbrains.kotlin.config.JvmDefaultMode$Companion                            : loaded 2 times (x 69B)
Class org.jetbrains.kotlin.metadata.ProtoBuf$1                                        : loaded 2 times (x 69B)
Class org.jetbrains.kotlin.gradle.plugin.KotlinPlatformType                           : loaded 2 times (x 80B)
Class com.google.common.base.CharMatcher$Or                                           : loaded 2 times (x 110B)
Class org.jetbrains.kotlin.metadata.ProtoBuf$Package$1                                : loaded 2 times (x 142B)
Class org.jetbrains.kotlin.protobuf.LiteralByteString                                 : loaded 2 times (x 110B)
Class org.jetbrains.kotlin.gradle.plugin.internal.MppTestReportHelper$MppTestReportHelperVariantFactory: loaded 2 times (x 68B)
Class org.jetbrains.kotlin.metadata.ProtoBuf$Effect$InvocationKind                    : loaded 2 times (x 80B)
Class org.jetbrains.kotlin.metadata.ProtoBuf$Class$Kind$1                             : loaded 2 times (x 72B)
Class org.jetbrains.kotlin.gradle.utils.ResourceUtilsKt                               : loaded 2 times (x 69B)
Class org.jetbrains.kotlin.gradle.plugin.internal.ConfigurationTimePropertiesAccessorKt: loaded 2 times (x 69B)
Class org.jetbrains.kotlin.protobuf.GeneratedMessageLite$Builder                      : loaded 2 times (x 126B)
Class com.google.common.base.Suppliers$SupplierOfInstance                             : loaded 2 times (x 77B)
Class org.objectweb.asm.RecordComponentVisitor                                        : loaded 2 times (x 75B)
Class org.jetbrains.kotlin.gradle.plugin.mpp.HierarchyAttributeContainer              : loaded 2 times (x 81B)
Class org.jetbrains.kotlin.gradle.plugin.KotlinCompilationToRunnableFiles             : loaded 2 times (x 68B)
Class org.jetbrains.kotlin.gradle.dsl.KotlinProjectExtensionKt                        : loaded 2 times (x 69B)
Class org.jetbrains.kotlin.metadata.ProtoBuf$ValueParameter                           : loaded 2 times (x 126B)
Class org.jetbrains.kotlin.gradle.tasks.UsesKotlinJavaToolchain                       : loaded 2 times (x 68B)
Class org.jetbrains.kotlin.gradle.plugin.DefaultKotlinBasePlugin$addKotlinCompilerConfiguration$1: loaded 2 times (x 77B)
Class org.jetbrains.kotlin.metadata.ProtoBuf$Effect$InvocationKind$1                  : loaded 2 times (x 72B)
Class [Lorg.jetbrains.kotlin.cli.common.CompilerSystemProperties;                     : loaded 2 times (x 67B)
Class org.jetbrains.kotlin.gradle.plugin.DefaultKotlinBasePlugin$addKotlinCompilerConfiguration$2: loaded 2 times (x 77B)
Class org.jetbrains.kotlin.metadata.ProtoBuf$Annotation$1                             : loaded 2 times (x 142B)
Class com.google.common.collect.Iterables                                             : loaded 2 times (x 69B)
Class org.jetbrains.kotlin.metadata.jvm.JvmProtoBuf$StringTableTypes$1                : loaded 2 times (x 142B)
Class org.jetbrains.kotlin.gradle.plugin.VariantImplementationFactories$Companion$getProvider$2$1$1: loaded 2 times (x 77B)
Class org.jetbrains.kotlin.gradle.plugin.mpp.KotlinUsages$KotlinCinteropCompatibility : loaded 2 times (x 75B)
Class org.jetbrains.kotlin.gradle.plugin.sources.ConsistencyCheck                     : loaded 2 times (x 70B)
Class [Lorg.jetbrains.kotlin.gradle.plugin.HasKotlinDependencies;                     : loaded 2 times (x 67B)
Class com.google.common.base.CharMatcher$JavaLowerCase                                : loaded 2 times (x 109B)
Class org.jetbrains.kotlin.cli.common.CompilerSystemProperties$value$1                : loaded 2 times (x 123B)
Class org.objectweb.asm.ClassTooLargeException                                        : loaded 2 times (x 81B)
Class org.jetbrains.kotlin.cli.common.messages.MessageCollector$Companion             : loaded 2 times (x 69B)
Class org.jetbrains.kotlin.metadata.jvm.JvmProtoBuf$JvmMethodSignature$Builder        : loaded 2 times (x 132B)
Class [Lorg.jetbrains.kotlin.protobuf.WireFormat$FieldType;                           : loaded 2 times (x 67B)
Class org.jetbrains.kotlin.gradle.utils.GradleConfigurationUtilsKt                    : loaded 2 times (x 69B)
Class org.jetbrains.kotlin.metadata.ProtoBuf$VersionRequirementOrBuilder              : loaded 2 times (x 68B)
Class org.gradle.api.internal.classpath.UnknownModuleException                        : loaded 2 times (x 80B)
Class org.jetbrains.kotlin.protobuf.WireFormat$JavaType                               : loaded 2 times (x 77B)
Class com.google.common.util.concurrent.AbstractFuture$Listener                       : loaded 2 times (x 70B)
Class org.jetbrains.kotlin.protobuf.ByteString                                        : loaded 2 times (x 106B)
Class org.objectweb.asm.Edge                                                          : loaded 2 times (x 70B)
Class org.jetbrains.kotlin.metadata.jvm.JvmProtoBuf$JvmFieldSignature$1               : loaded 2 times (x 142B)
Class com.google.common.collect.Maps$EntryTransformer                                 : loaded 2 times (x 68B)
Class org.jetbrains.kotlin.cli.common.ModuleVisibilityHelperImpl                      : loaded 2 times (x 72B)
Class org.jetbrains.org.objectweb.asm.tree.InsnList                                   : loaded 2 times (x 101B)
Class org.jetbrains.kotlin.metadata.ProtoBuf$PackageOrBuilder                         : loaded 2 times (x 68B)
Class org.jetbrains.kotlin.gradle.utils.AndroidPluginIdsKt                            : loaded 2 times (x 69B)
Class org.jetbrains.kotlin.gradle.plugin.VariantImplementationFactories$Companion     : loaded 2 times (x 69B)
Class com.google.common.collect.ImmutableCollection$Builder                           : loaded 2 times (x 74B)
Class [Lorg.jetbrains.org.objectweb.asm.Type;                                         : loaded 2 times (x 67B)
Class org.jetbrains.kotlin.gradle.targets.js.npm.BaseNpmDependencyExtension           : loaded 2 times (x 68B)
Class org.jetbrains.kotlin.descriptors.Visibilities$Inherited                         : loaded 2 times (x 77B)
Class [Lorg.jetbrains.kotlin.cli.common.messages.CompilerMessageSeverity;             : loaded 2 times (x 67B)
Class org.jetbrains.kotlin.gradle.plugin.sources.FragmentConsistencyChecks            : loaded 2 times (x 70B)
Class [Lorg.objectweb.asm.SymbolTable$Entry;                                          : loaded 2 times (x 67B)
Class net.rubygrapefruit.platform.internal.Platform$Window64Bit                       : loaded 2 times (x 77B)
Class org.jetbrains.kotlin.metadata.ProtoBuf$TypeAlias$1                              : loaded 2 times (x 142B)
Class org.jetbrains.kotlin.gradle.tooling.BuildKotlinToolingMetadataTask$FromKotlinExtension: loaded 2 times (x 315B)
Class org.jetbrains.kotlin.mpp.DeclarationSymbolMarker                                : loaded 2 times (x 68B)
Class org.jetbrains.kotlin.metadata.ProtoBuf$Type$Argument                            : loaded 2 times (x 108B)
Class com.google.common.base.CommonPattern                                            : loaded 2 times (x 72B)
Class com.google.common.base.Suppliers                                                : loaded 2 times (x 69B)
Class net.rubygrapefruit.platform.internal.Platform$FreeBSD32Bit                      : loaded 2 times (x 80B)
Class org.jetbrains.kotlin.metadata.jvm.deserialization.JvmMetadataVersion            : loaded 2 times (x 72B)
Class org.jetbrains.kotlin.protobuf.GeneratedMessageLite$1                            : loaded 2 times (x 69B)
Class org.jetbrains.kotlin.gradle.tasks.TasksProviderKt                               : loaded 2 times (x 69B)
Class org.objectweb.asm.ClassVisitor                                                  : loaded 2 times (x 86B)
Class org.jetbrains.kotlin.descriptors.DeclarationDescriptorWithVisibility            : loaded 2 times (x 68B)
Class com.google.common.cache.LoadingCache                                            : loaded 2 times (x 68B)
Class org.jetbrains.kotlin.load.kotlin.header.KotlinClassHeader$Kind$Companion        : loaded 2 times (x 69B)
Class org.gradle.internal.service.ServiceLookupException                              : loaded 2 times (x 80B)
Class org.jetbrains.kotlin.gradle.plugin.mpp.InternalKotlinTarget                     : loaded 2 times (x 68B)
Class org.jetbrains.kotlin.metadata.ProtoBuf$Type$Argument$1                          : loaded 2 times (x 142B)
Class org.jetbrains.kotlin.metadata.jvm.JvmProtoBuf$JvmMethodSignature                : loaded 2 times (x 106B)
Class org.jetbrains.kotlin.cli.common.arguments.CommonToolArguments                   : loaded 2 times (x 70B)
Class org.jetbrains.org.objectweb.asm.Type                                            : loaded 2 times (x 70B)
Class jdk.internal.jimage.ImageStringsReader                                          : loaded 2 times (x 78B)
Class org.jetbrains.kotlin.metadata.deserialization.Flags                             : loaded 2 times (x 69B)
Class jdk.internal.jimage.decompressor.ResourceDecompressorFactory                    : loaded 2 times (x 72B)
Class org.jetbrains.kotlin.gradle.plugin.sources.DefaultKotlinSourceSetFactory$setUpSourceSetDefaults$1$1$1: loaded 2 times (x 77B)
Class org.jetbrains.org.objectweb.asm.Context                                         : loaded 2 times (x 70B)
Class [Lorg.jetbrains.kotlin.statistics.metrics.NumberOverridePolicy;                 : loaded 2 times (x 67B)
Class org.jetbrains.kotlin.gradle.plugin.sources.DefaultKotlinSourceSet               : loaded 2 times (x 143B)
Class org.jetbrains.kotlin.gradle.internal.KotlinDependenciesManagementKt$configureDefaultVersionsResolutionStrategy$1: loaded 2 times (x 77B)
Class org.jetbrains.kotlin.gradle.plugin.UsesVariantImplementationFactories           : loaded 2 times (x 68B)
Class org.jetbrains.kotlin.gradle.plugin.sources.android.AndroidVariantType           : loaded 2 times (x 77B)
Class com.google.common.base.CharMatcher$NegatedFastMatcher                           : loaded 2 times (x 111B)
Class [Lorg.gradle.api.internal.ClassPathProvider;                                    : loaded 2 times (x 67B)
Class jdk.internal.jimage.ImageReader$SharedImageReader$LocationVisitor               : loaded 2 times (x 68B)
Class com.google.common.util.concurrent.AbstractFuture$SafeAtomicHelper               : loaded 2 times (x 77B)
Class org.jetbrains.kotlin.metadata.ProtoBuf$Type                                     : loaded 2 times (x 143B)
Class org.jetbrains.kotlin.protobuf.CodedOutputStream                                 : loaded 2 times (x 70B)
Class org.jetbrains.kotlin.protobuf.WireFormat$FieldType                              : loaded 2 times (x 81B)
Class org.jetbrains.kotlin.tooling.core.AbstractExtras                                : loaded 2 times (x 139B)
Class net.rubygrapefruit.platform.internal.Platform$FreeBSD                           : loaded 2 times (x 80B)
Class org.jetbrains.kotlin.metadata.jvm.deserialization.ClassMapperLite               : loaded 2 times (x 69B)
Class org.gradle.util.internal.GUtil                                                  : loaded 2 times (x 69B)
Class jdk.internal.jimage.decompressor.ZipDecompressor                                : loaded 2 times (x 73B)
Class org.jetbrains.kotlin.gradle.plugin.KotlinPluginWrapperKt                        : loaded 2 times (x 69B)
Class net.rubygrapefruit.platform.internal.Platform$Unix                              : loaded 2 times (x 80B)
Class com.google.common.math.IntMath                                                  : loaded 2 times (x 69B)
Class net.rubygrapefruit.platform.Process                                             : loaded 2 times (x 68B)
Class org.jetbrains.kotlin.gradle.model.builder.KotlinModelBuilder$Companion          : loaded 2 times (x 69B)
Class org.jetbrains.kotlin.statistics.ValueAnonymizer                                 : loaded 2 times (x 68B)
Class com.google.common.collect.AbstractIterator                                      : loaded 2 times (x 80B)
Class org.gradle.internal.classloader.ClassLoaderSpec                                 : loaded 2 times (x 69B)
Class org.jetbrains.kotlin.gradle.utils.StringUtilsKt                                 : loaded 2 times (x 69B)
Class org.jetbrains.kotlin.gradle.utils.SingleAction$run$performedActions$1           : loaded 2 times (x 76B)
Class org.jetbrains.kotlin.protobuf.AbstractMessageLite$Builder                       : loaded 2 times (x 120B)
Class org.jetbrains.kotlin.metadata.jvm.JvmProtoBuf$JvmFieldSignatureOrBuilder        : loaded 2 times (x 68B)
Class org.jetbrains.kotlin.metadata.jvm.deserialization.UtfEncodingKt                 : loaded 2 times (x 69B)
Class org.jetbrains.kotlin.gradle.dsl.ToolchainSupport                                : loaded 2 times (x 68B)
Class com.google.common.base.NullnessCasts                                            : loaded 2 times (x 69B)
Class org.objectweb.asm.Frame                                                         : loaded 2 times (x 71B)
Class com.google.common.cache.LocalCache$LocalManualCache                             : loaded 2 times (x 97B)
Class com.google.common.collect.AbstractMapEntry                                      : loaded 2 times (x 79B)
Class org.jetbrains.kotlin.metadata.ProtoBuf$Visibility                               : loaded 2 times (x 80B)
Class com.google.common.base.CharMatcher$Negated                                      : loaded 2 times (x 111B)
Class org.jetbrains.kotlin.descriptors.annotations.Annotated                          : loaded 2 times (x 68B)
Class org.jetbrains.kotlin.statistics.metrics.StringAnonymizationPolicy$AllowedListAnonymizer: loaded 2 times (x 77B)
Class org.jetbrains.kotlin.metadata.ProtoBuf$Property                                 : loaded 2 times (x 146B)
Class org.jetbrains.kotlin.gradle.report.ReportingSettings$Companion                  : loaded 2 times (x 69B)
Class com.google.common.cache.CacheLoader$1                                           : loaded 2 times (x 73B)
Class net.rubygrapefruit.platform.NativeIntegrationUnavailableException               : loaded 2 times (x 80B)
Class net.rubygrapefruit.platform.NativeIntegration                                   : loaded 2 times (x 68B)
Class org.jetbrains.kotlin.gradle.plugin.sources.FragmentConsistencyChecks$unstableFeaturesCheck$1: loaded 2 times (x 77B)
Class org.jetbrains.kotlin.metadata.deserialization.Flags$FlagField                   : loaded 2 times (x 71B)
Class org.jetbrains.kotlin.protobuf.BoundedByteString                                 : loaded 2 times (x 110B)
Class org.jetbrains.kotlin.gradle.plugin.sources.FragmentConsistencyChecks$unstableFeaturesCheck$2: loaded 2 times (x 76B)
Class com.google.common.util.concurrent.AbstractFuture$TrustedFuture                  : loaded 2 times (x 95B)
Class org.jetbrains.kotlin.metadata.ProtoBuf$Effect$1                                 : loaded 2 times (x 142B)
Class org.jetbrains.kotlin.metadata.ProtoBuf$ConstructorOrBuilder                     : loaded 2 times (x 68B)
Class org.jetbrains.kotlin.gradle.plugin.mpp.InternalKotlinCompilation                : loaded 2 times (x 68B)
Class org.jetbrains.kotlin.metadata.ProtoBuf$ClassOrBuilder                           : loaded 2 times (x 68B)
Class org.jetbrains.kotlin.descriptors.Visibility                                     : loaded 2 times (x 77B)
Class org.gradle.internal.classloader.InstrumentingClassLoader                        : loaded 2 times (x 68B)
Class org.jetbrains.kotlin.gradle.plugin.internal.DefaultIdeaSyncDetectorVariantFactory: loaded 2 times (x 72B)
Class org.jetbrains.kotlin.gradle.tasks.AbstractKotlinCompileTool                     : loaded 2 times (x 358B)
Class org.jetbrains.org.objectweb.asm.CurrentFrame                                    : loaded 2 times (x 71B)
Class org.jetbrains.kotlin.gradle.internal.CompilerArgumentAware                      : loaded 2 times (x 68B)
Class org.jetbrains.kotlin.protobuf.FieldSet$1                                        : loaded 2 times (x 69B)
Class org.jetbrains.kotlin.gradle.plugin.ProjectLocalConfigurations$ProjectLocalDisambiguation: loaded 2 times (x 74B)
Class org.jetbrains.kotlin.gradle.plugin.KotlinPluginInMultipleProjectsHolder         : loaded 2 times (x 70B)
Class org.jetbrains.kotlin.gradle.tasks.KotlinCompileTool                             : loaded 2 times (x 68B)
Class org.jetbrains.kotlin.gradle.plugin.sources.AbstractKotlinSourceSet              : loaded 2 times (x 143B)
Class com.google.common.collect.Sets                                                  : loaded 2 times (x 69B)
Class org.jetbrains.kotlin.config.ExplicitApiMode$Companion                           : loaded 2 times (x 69B)
Class org.jetbrains.kotlin.metadata.ProtoBuf$Modality$1                               : loaded 2 times (x 72B)
Class org.jetbrains.kotlin.gradle.plugin.sources.InternalKotlinSourceSet              : loaded 2 times (x 68B)
Class org.jetbrains.kotlin.metadata.ProtoBuf$Annotation                               : loaded 2 times (x 107B)
Class org.gradle.internal.installation.GradleInstallation                             : loaded 2 times (x 73B)
Class com.google.common.collect.ImmutableSet$Builder                                  : loaded 2 times (x 83B)
Class com.google.common.base.CharMatcher$ForPredicate                                 : loaded 2 times (x 110B)
Class com.google.common.collect.ImmutableMap$MapViewOfValuesAsSingletonSets           : loaded 2 times (x 123B)
Class org.jetbrains.kotlin.protobuf.AbstractMessageLite                               : loaded 2 times (x 96B)
Class net.rubygrapefruit.platform.internal.Platform$MacOs32Bit                        : loaded 2 times (x 80B)
Class org.objectweb.asm.commons.InstructionAdapter                                    : loaded 2 times (x 186B)
Class com.google.common.base.MoreObjects                                              : loaded 2 times (x 69B)
Class com.google.common.collect.SortedMapDifference                                   : loaded 2 times (x 68B)
Class org.jetbrains.kotlin.gradle.report.BuildReportType                              : loaded 2 times (x 77B)
Class org.jetbrains.kotlin.load.kotlin.header.ReadKotlinClassHeaderAnnotationVisitor$CollectStringArrayAnnotationVisitor: loaded 2 times (x 83B)
Class org.objectweb.asm.SymbolTable                                                   : loaded 2 times (x 70B)
Class [Lorg.objectweb.asm.AnnotationVisitor;                                          : loaded 2 times (x 67B)
Class com.google.common.cache.CacheStats                                              : loaded 2 times (x 69B)
Class org.jetbrains.kotlin.gradle.dsl.KotlinCommonCompilerOptions                     : loaded 2 times (x 68B)
Class org.jetbrains.kotlin.gradle.InternalKotlinGradlePluginApi                       : loaded 2 times (x 68B)
Class org.objectweb.asm.Attribute                                                     : loaded 2 times (x 75B)
Class org.jetbrains.kotlin.load.java.JvmAnnotationNames                               : loaded 2 times (x 69B)
Class [Lorg.jetbrains.kotlin.gradle.plugin.sources.android.AndroidVariantType;        : loaded 2 times (x 67B)
Class org.jetbrains.kotlin.tooling.core.MutableExtras                                 : loaded 2 times (x 68B)
Class org.jetbrains.kotlin.protobuf.CodedOutputStream$OutOfSpaceException             : loaded 2 times (x 80B)
Class org.gradle.internal.classloader.VisitableURLClassLoader                         : loaded 2 times (x 115B)
Class org.jetbrains.kotlin.statistics.metrics.StringAnonymizationPolicy$RegexControlled: loaded 2 times (x 77B)
Class com.google.common.cache.LocalCache$LocalLoadingCache                            : loaded 2 times (x 132B)
Class org.jetbrains.kotlin.metadata.ProtoBuf$EnumEntry                                : loaded 2 times (x 116B)
Class org.jetbrains.kotlin.metadata.deserialization.BinaryVersion$Companion           : loaded 2 times (x 69B)
Class org.jetbrains.kotlin.gradle.targets.js.npm.NpmDependencyExtensionDelegate       : loaded 2 times (x 165B)
Class com.google.common.base.Supplier                                                 : loaded 2 times (x 68B)
Class org.jetbrains.kotlin.protobuf.LazyField                                         : loaded 2 times (x 81B)
Class org.jetbrains.kotlin.metadata.ProtoBuf$VersionRequirement                       : loaded 2 times (x 114B)
Class org.jetbrains.org.objectweb.asm.Symbol                                          : loaded 2 times (x 71B)
Class [Lorg.jetbrains.kotlin.metadata.ProtoBuf$Effect$EffectType;                     : loaded 2 times (x 67B)
Class com.google.common.util.concurrent.AbstractFuture$AtomicHelper                   : loaded 2 times (x 76B)
Class com.google.common.collect.ImmutableBiMap                                        : loaded 2 times (x 141B)
Class org.gradle.internal.Cast                                                        : loaded 2 times (x 69B)
Class org.jetbrains.kotlin.gradle.dsl.KotlinTargetContainerWithPresetFunctions        : loaded 2 times (x 68B)
Class org.jetbrains.org.objectweb.asm.FieldWriter                                     : loaded 2 times (x 75B)
Class org.jetbrains.kotlin.load.java.JvmAbi                                           : loaded 2 times (x 69B)
Class org.jetbrains.kotlin.config.MavenComparableVersion$ListItem                     : loaded 2 times (x 178B)
Class org.gradle.api.internal.ClassPathRegistry                                       : loaded 2 times (x 68B)
Class com.google.common.cache.LocalCache$EntryFactory                                 : loaded 2 times (x 81B)
Class org.jetbrains.kotlin.cli.common.arguments.K2JVMCompilerArguments                : loaded 2 times (x 75B)
Class com.google.common.util.concurrent.UncheckedExecutionException                   : loaded 2 times (x 80B)
Class com.google.common.collect.ImmutableSet                                          : loaded 2 times (x 143B)
Class org.gradle.internal.classloader.VisitableURLClassLoader$InstrumentingVisitableURLClassLoader: loaded 2 times (x 121B)
Class org.gradle.internal.classloader.ClassLoaderHierarchy                            : loaded 2 times (x 68B)
Class org.jetbrains.kotlin.metadata.ProtoBuf$AnnotationOrBuilder                      : loaded 2 times (x 68B)
Class org.jetbrains.kotlin.config.LanguageFeature$Companion                           : loaded 2 times (x 69B)
Class org.jetbrains.kotlin.metadata.ProtoBuf$Class$Kind                               : loaded 2 times (x 80B)
Class org.jetbrains.kotlin.gradle.targets.js.npm.DefaultPeerNpmDependencyExtension$delegate$1: loaded 2 times (x 165B)
Class org.jetbrains.kotlin.metadata.ProtoBuf$TypeParameter                            : loaded 2 times (x 128B)
Class org.jetbrains.kotlin.gradle.internal.KotlinDependenciesManagementKt             : loaded 2 times (x 69B)
Class org.jetbrains.kotlin.metadata.ProtoBuf$VersionRequirementTable$1                : loaded 2 times (x 142B)
Class org.jetbrains.kotlin.load.kotlin.header.ReadKotlinClassHeaderAnnotationVisitor$KotlinMetadataArgumentVisitor$1: loaded 2 times (x 83B)
Class org.jetbrains.kotlin.load.kotlin.header.ReadKotlinClassHeaderAnnotationVisitor$KotlinMetadataArgumentVisitor$2: loaded 2 times (x 83B)
Class NativePluginLoader$getPlugins                                                   : loaded 2 times (x 150B)
Class jdk.internal.jimage.ImageReader                                                 : loaded 2 times (x 73B)
Class org.jetbrains.kotlin.metadata.jvm.JvmProtoBuf$StringTableTypes                  : loaded 2 times (x 108B)
Class org.jetbrains.kotlin.metadata.ProtoBuf$Type$ArgumentOrBuilder                   : loaded 2 times (x 68B)
Class org.jetbrains.kotlin.gradle.targets.js.npm.NpmDependencyExtensionKt$defaultNpmDependencyDelegate$1: loaded 2 times (x 165B)
Class org.jetbrains.kotlin.gradle.dsl.DefaultToolchainSupport                         : loaded 2 times (x 74B)
Class [Lorg.objectweb.asm.Type;                                                       : loaded 2 times (x 67B)
Class net.rubygrapefruit.platform.internal.LibraryDef                                 : loaded 2 times (x 70B)
Class org.jetbrains.kotlin.metadata.ProtoBuf$VersionRequirementTableOrBuilder         : loaded 2 times (x 68B)
Class org.jetbrains.kotlin.metadata.jvm.deserialization.JvmMemberSignature            : loaded 2 times (x 72B)
Class com.google.common.base.AbstractIterator$State                                   : loaded 2 times (x 77B)
Class org.jetbrains.kotlin.gradle.dsl.KotlinMultiplatformExtension                    : loaded 2 times (x 468B)
Class com.google.common.cache.Weigher                                                 : loaded 2 times (x 68B)
Class org.jetbrains.kotlin.config.LanguageVersionSettings                             : loaded 2 times (x 68B)
Class org.jetbrains.kotlin.load.kotlin.KotlinJvmBinaryClass$AnnotationVisitor         : loaded 2 times (x 68B)
Class org.jetbrains.kotlin.gradle.plugin.KotlinGradleBuildServices                    : loaded 2 times (x 78B)
Class com.google.common.base.CharMatcher$NamedFastMatcher                             : loaded 2 times (x 110B)
Class org.gradle.internal.InternalTransformer                                         : loaded 2 times (x 68B)
Class org.jetbrains.kotlin.gradle.testing.internal.KotlinTestsRegistry$Companion      : loaded 2 times (x 69B)
Class org.jetbrains.org.objectweb.asm.ClassVisitor                                    : loaded 2 times (x 85B)
Class org.gradle.internal.service.ServiceLocator                                      : loaded 2 times (x 68B)
Class org.jetbrains.kotlin.gradle.plugin.VariantImplementationFactories               : loaded 2 times (x 74B)
Class Settings_gradle$1                                                               : loaded 2 times (x 72B)
Class org.jetbrains.kotlin.gradle.utils.MutableObservableSetImpl                      : loaded 2 times (x 161B)
Class org.jetbrains.kotlin.gradle.report.ReportingSettings                            : loaded 2 times (x 70B)
Class net.rubygrapefruit.platform.internal.Platform$Linux                             : loaded 2 times (x 81B)
Class [Lorg.jetbrains.kotlin.statistics.metrics.NumericalMetrics;                     : loaded 2 times (x 67B)
Class org.jetbrains.kotlin.config.MavenComparableVersion                              : loaded 2 times (x 76B)
Class org.jetbrains.kotlin.descriptors.ValidateableDescriptor                         : loaded 2 times (x 68B)
Class org.jetbrains.kotlin.gradle.plugin.mpp.AbstractKotlinTarget$kotlinComponents$2  : loaded 2 times (x 77B)
Class com.google.common.util.concurrent.SettableFuture                                : loaded 2 times (x 95B)
Class org.jetbrains.org.objectweb.asm.MethodVisitor                                   : loaded 2 times (x 102B)
Class net.rubygrapefruit.platform.NativeException                                     : loaded 2 times (x 80B)
Class net.rubygrapefruit.platform.Native                                              : loaded 2 times (x 69B)
Class org.jetbrains.kotlin.metadata.jvm.JvmProtoBuf$StringTableTypes$RecordOrBuilder  : loaded 2 times (x 68B)
Class com.google.common.collect.ImmutableMapEntry                                     : loaded 2 times (x 83B)
Class org.jetbrains.kotlin.metadata.ProtoBuf$Annotation$Argument$1                    : loaded 2 times (x 142B)
Class org.jetbrains.kotlin.config.LanguageFeature$Kind                                : loaded 2 times (x 77B)
Class org.jetbrains.kotlin.metadata.ProtoBuf$FunctionOrBuilder                        : loaded 2 times (x 68B)
Class net.rubygrapefruit.platform.internal.Platform$Window32Bit                       : loaded 2 times (x 77B)
Class org.jetbrains.kotlin.protobuf.Internal$EnumLiteMap                              : loaded 2 times (x 68B)
Class org.jetbrains.kotlin.gradle.plugin.KotlinPluginWrapperKt$kotlinPluginVersionFromResources$1: loaded 2 times (x 76B)
Class org.jetbrains.kotlin.gradle.utils.CompatibilityKt                               : loaded 2 times (x 69B)
Class org.jetbrains.kotlin.metadata.ProtoBuf$ContractOrBuilder                        : loaded 2 times (x 68B)
Class org.jetbrains.kotlin.gradle.plugin.sources.FragmentConsistencyChecker           : loaded 2 times (x 70B)
Class org.jetbrains.kotlin.gradle.tasks.KotlinTasksProvider                           : loaded 2 times (x 70B)
Class com.google.common.base.CharMatcher$Invisible                                    : loaded 2 times (x 110B)
Class org.jetbrains.kotlin.name.Name                                                  : loaded 2 times (x 73B)
Class org.jetbrains.kotlin.metadata.ProtoBuf$VersionRequirement$VersionKind$1         : loaded 2 times (x 72B)
Class com.google.common.base.Joiner$1                                                 : loaded 2 times (x 78B)
Class com.google.common.base.Joiner$2                                                 : loaded 2 times (x 77B)
Class org.jetbrains.kotlin.gradle.targets.js.npm.SemVer                               : loaded 2 times (x 73B)
Class org.jetbrains.org.objectweb.asm.tree.LookupSwitchInsnNode                       : loaded 2 times (x 76B)
Class org.jetbrains.org.objectweb.asm.tree.AnnotationNode                             : loaded 2 times (x 77B)
Class org.jetbrains.org.objectweb.asm.ModuleVisitor                                   : loaded 2 times (x 78B)
Class org.jetbrains.kotlin.gradle.dsl.KotlinJvmCompilerOptions                        : loaded 2 times (x 68B)
Class com.google.common.base.CharMatcher$FastMatcher                                  : loaded 2 times (x 109B)
Class org.jetbrains.kotlin.gradle.dsl.KotlinCommonToolOptions                         : loaded 2 times (x 68B)
Class Build_gradle$3                                                                  : loaded 2 times (x 72B)
Class org.jetbrains.kotlin.util.ModuleVisibilityHelper                                : loaded 2 times (x 68B)
Class org.gradle.internal.classpath.DefaultClassPath$ImmutableUniqueList              : loaded 2 times (x 159B)
Class org.jetbrains.kotlin.gradle.plugin.mpp.KotlinUsages$KotlinMetadataCompatibility : loaded 2 times (x 74B)
Class org.jetbrains.kotlin.descriptors.Visibilities$Protected                         : loaded 2 times (x 77B)
Class jdk.internal.jimage.ImageBufferCache                                            : loaded 2 times (x 69B)
Class org.jetbrains.kotlin.gradle.plugin.KotlinGradleBuildServices$Inject             : loaded 2 times (x 98B)
Class org.jetbrains.kotlin.protobuf.SmallSortedMap                                    : loaded 2 times (x 128B)
Class org.jetbrains.kotlin.load.kotlin.FileBasedKotlinClass                           : loaded 2 times (x 86B)
Class org.jetbrains.kotlin.gradle.targets.js.npm.NpmDirectoryDependencyExtension      : loaded 2 times (x 68B)
Class com.google.common.base.CharMatcher$JavaLetter                                   : loaded 2 times (x 109B)
Class org.jetbrains.kotlin.gradle.plugin.VariantImplementationFactories$Companion$getProvider$2$1: loaded 2 times (x 77B)
Class org.jetbrains.kotlin.protobuf.Parser                                            : loaded 2 times (x 68B)
Class org.gradle.internal.classpath.TransformedClassPath                              : loaded 2 times (x 94B)
Class org.jetbrains.kotlin.protobuf.ExtensionRegistryLite$ObjectIntPair               : loaded 2 times (x 70B)
Class org.jetbrains.kotlin.descriptors.SourceElement$1                                : loaded 2 times (x 72B)
Class org.jetbrains.kotlin.gradle.plugin.internal.MavenPluginConfigurator$DefaultMavenPluginConfiguratorVariantFactory: loaded 2 times (x 72B)
Class com.google.common.collect.MapDifference                                         : loaded 2 times (x 68B)
Class org.jetbrains.kotlin.metadata.jvm.JvmProtoBuf$JvmMethodSignature$1              : loaded 2 times (x 142B)
Class org.jetbrains.kotlin.tooling.core.HasExtras                                     : loaded 2 times (x 68B)
Class com.google.common.collect.Sets$1                                                : loaded 2 times (x 137B)
Class com.google.common.collect.Sets$2                                                : loaded 2 times (x 137B)
Class com.google.common.util.concurrent.AbstractFuture$Trusted                        : loaded 2 times (x 68B)
Class [Lorg.jetbrains.kotlin.gradle.plugin.KotlinPlatformType;                        : loaded 2 times (x 67B)
Class org.jetbrains.kotlin.gradle.plugin.mpp.KotlinAndroidTarget                      : loaded 2 times (x 136B)
Class com.google.common.collect.Sets$3                                                : loaded 2 times (x 137B)
Class com.google.common.collect.Sets$4                                                : loaded 2 times (x 137B)
Class org.jetbrains.kotlin.gradle.utils.IsolatedKotlinClasspathClassCastException     : loaded 2 times (x 80B)
Class [Lorg.jetbrains.kotlin.protobuf.WireFormat$JavaType;                            : loaded 2 times (x 67B)
Class org.jetbrains.kotlin.statistics.metrics.StringOverridePolicy$OVERRIDE_VERSION_IF_NOT_SET: loaded 2 times (x 83B)
Class org.jetbrains.kotlin.gradle.testing.internal.KotlinTestsRegistry                : loaded 2 times (x 70B)
Class org.jetbrains.kotlin.metadata.jvm.JvmProtoBuf$JvmFieldSignature                 : loaded 2 times (x 106B)
Class org.jetbrains.kotlin.statistics.metrics.StringMetrics                           : loaded 2 times (x 78B)
Class [Lorg.jetbrains.kotlin.metadata.jvm.JvmProtoBuf$StringTableTypes$Record$Operation;: loaded 2 times (x 67B)
Class org.objectweb.asm.MethodWriter                                                  : loaded 2 times (x 104B)
Class org.jetbrains.kotlin.metadata.deserialization.ProtoTypeTableUtilKt              : loaded 2 times (x 69B)
Class org.jetbrains.kotlin.descriptors.DelegatedDescriptorVisibility                  : loaded 2 times (x 76B)
Class org.jetbrains.kotlin.metadata.ProtoBuf$Type$1                                   : loaded 2 times (x 142B)
Class org.jetbrains.kotlin.gradle.plugin.KotlinTargetConfiguratorKt                   : loaded 2 times (x 69B)
Class org.jetbrains.kotlin.gradle.plugin.sources.DefaultKotlinSourceSet_Decorated     : loaded 2 times (x 195B)
Class com.google.common.collect.Platform                                              : loaded 2 times (x 69B)
Class org.jetbrains.kotlin.metadata.jvm.deserialization.JvmNameResolver               : loaded 2 times (x 78B)
Class org.jetbrains.kotlin.gradle.dsl.KotlinCommonCompilerToolOptionsDefault          : loaded 2 times (x 80B)
Class org.jetbrains.kotlin.gradle.report.ConfigureReporingKt                          : loaded 2 times (x 69B)
Class com.google.common.collect.ImmutableAsList                                       : loaded 2 times (x 169B)
Class org.jetbrains.kotlin.load.kotlin.header.KotlinClassHeader                       : loaded 2 times (x 70B)
Class com.google.common.util.concurrent.ExecutionError                                : loaded 2 times (x 80B)
Class com.google.common.base.Equivalence$Identity                                     : loaded 2 times (x 80B)
Class com.google.common.base.CharMatcher$AnyOf                                        : loaded 2 times (x 110B)
Class com.google.common.base.CharMatcher$IsEither                                     : loaded 2 times (x 109B)
Class org.jetbrains.org.objectweb.asm.tree.Util                                       : loaded 2 times (x 69B)
Class org.jetbrains.kotlin.gradle.plugin.PluginWrappersKt                             : loaded 2 times (x 69B)
Class org.jetbrains.kotlin.metadata.ProtoBuf$VersionRequirement$1                     : loaded 2 times (x 142B)
Class jdk.internal.jimage.ImageReader$Directory                                       : loaded 2 times (x 82B)
Class com.google.common.cache.LocalCache                                              : loaded 2 times (x 185B)
Class org.jetbrains.kotlin.name.FqNameUnsafe$1                                        : loaded 2 times (x 72B)
Class org.jetbrains.kotlin.metadata.ProtoBuf$Constructor$1                            : loaded 2 times (x 142B)
Class com.google.common.collect.RegularImmutableList                                  : loaded 2 times (x 172B)
Class org.jetbrains.kotlin.gradle.internal.StdlibDependencyManagementKt$addStdlibDependency$1: loaded 2 times (x 77B)
Class org.jetbrains.kotlin.gradle.dsl.KotlinCommonOptions                             : loaded 2 times (x 68B)
Class org.jetbrains.kotlin.gradle.plugin.HasKotlinDependencies                        : loaded 2 times (x 68B)
Class com.google.common.util.concurrent.AbstractFuture$UnsafeAtomicHelper$1           : loaded 2 times (x 74B)
Class org.jetbrains.kotlin.cli.common.arguments.Freezable                             : loaded 2 times (x 69B)
Class com.google.common.base.CharMatcher$JavaUpperCase                                : loaded 2 times (x 109B)
Class com.google.common.collect.Multiset                                              : loaded 2 times (x 68B)
Class net.rubygrapefruit.platform.internal.jni.WindowsHandleFunctions                 : loaded 2 times (x 69B)
Class com.google.common.collect.ImmutableSet$CachingAsList                            : loaded 2 times (x 145B)
Class org.jetbrains.kotlin.metadata.ProtoBuf$Expression$1                             : loaded 2 times (x 142B)
Class org.jetbrains.kotlin.gradle.plugin.internal.ConfigurationTimePropertiesAccessor : loaded 2 times (x 68B)
Class org.jetbrains.kotlin.descriptors.Visibilities$Local                             : loaded 2 times (x 77B)
Class org.jetbrains.kotlin.metadata.ProtoBuf$TypeParameterOrBuilder                   : loaded 2 times (x 68B)
Class org.jetbrains.kotlin.gradle.tooling.BuildKotlinToolingMetadataTask              : loaded 2 times (x 315B)
Class org.jetbrains.kotlin.descriptors.DescriptorVisibilities$10                      : loaded 2 times (x 74B)
Class org.jetbrains.kotlin.gradle.plugin.KotlinCompilerPluginSupportPlugin            : loaded 2 times (x 68B)
Class org.jetbrains.kotlin.descriptors.DescriptorVisibilities$11                      : loaded 2 times (x 74B)
Class org.jetbrains.kotlin.metadata.ProtoBuf$Property$Builder                         : loaded 2 times (x 171B)
Class org.jetbrains.kotlin.descriptors.DescriptorVisibilities$12                      : loaded 2 times (x 74B)
Class org.jetbrains.kotlin.gradle.utils.SingleActionPerProject                        : loaded 2 times (x 71B)
Class org.jetbrains.kotlin.gradle.plugin.mpp.AbstractKotlinTarget$components$2        : loaded 2 times (x 77B)
Class org.objectweb.asm.MethodVisitor                                                 : loaded 2 times (x 103B)
Class org.jetbrains.kotlin.gradle.dsl.KotlinSingleTargetExtension                     : loaded 2 times (x 90B)
Class org.jetbrains.kotlin.metadata.ProtoBuf$TypeOrBuilder                            : loaded 2 times (x 68B)
Class com.google.common.collect.ImmutableMapEntry$NonTerminalImmutableMapEntry        : loaded 2 times (x 83B)
Class org.jetbrains.kotlin.gradle.ExperimentalKotlinGradlePluginApi                   : loaded 2 times (x 68B)
Class com.google.common.collect.AbstractMapBasedMultimap                              : loaded 2 times (x 137B)
Class org.jetbrains.kotlin.protobuf.MessageLiteOrBuilder                              : loaded 2 times (x 68B)
Class org.jetbrains.kotlin.metadata.jvm.JvmProtoBuf$JvmPropertySignatureOrBuilder     : loaded 2 times (x 68B)


---------------  S Y S T E M  ---------------

OS:
 Windows 11 , 64 bit Build 22621 (10.0.22621.5124)
OS uptime: 1 days 6:26 hours
Hyper-V role detected

CPU: total 8 (initial active 8) (4 cores per cpu, 2 threads per core) family 6 model 165 stepping 2 microcode 0xe2, cx8, cmov, fxsr, ht, mmx, 3dnowpref, sse, sse2, sse3, ssse3, sse4.1, sse4.2, popcnt, lzcnt, tsc, tscinvbit, avx, avx2, aes, erms, clmul, bmi1, bmi2, adx, fma, vzeroupper, clflush, clflushopt, hv
Processor Information for all 8 processors :
  Max Mhz: 2496, Current Mhz: 2496, Mhz Limit: 2496

Memory: 4k page, system-wide physical 16202M (1168M free)
TotalPageFile size 18147M (AvailPageFile size 678M)
current process WorkingSet (physical memory assigned to process): 1092M, peak: 1095M
current process commit charge ("private bytes"): 1124M, peak: 2354M

vm_info: OpenJDK 64-Bit Server VM (17.0.11+0--11852314) for windows-amd64 JRE (17.0.11+0--11852314), built on May 16 2024 21:29:20 by "androidbuild" with MS VC++ 16.10 / 16.11 (VS2019)

END.
